曲线名称,日期,3月,6月,1年,3年,5年,7年,10年,30年
中债国债收益率曲线,2021-01-04,2.1518,2.3646,2.4952,2.8784,2.9961,3.2124,3.178,3.7593
中债国债收益率曲线,2021-01-05,2.1029,2.3465,2.4714,2.84,2.9459,3.175,3.1305,3.7222
中债国债收益率曲线,2021-01-06,2.0034,2.2397,2.4109,2.7911,2.9335,3.145,3.1256,3.7197
中债国债收益率曲线,2021-01-07,1.9879,2.21,2.3568,2.768,2.9252,3.13,3.1256,3.7198
中债国债收益率曲线,2021-01-08,1.897,2.1675,2.3568,2.7768,2.9471,3.1525,3.1456,3.7372
中债国债收益率曲线,2021-01-11,1.8756,2.1172,2.3653,2.7939,2.9682,3.17,3.1632,3.7496
中债国债收益率曲线,2021-01-12,1.9029,2.13,2.335,2.7499,2.9452,3.1476,3.1457,3.7398
中债国债收益率曲线,2021-01-13,1.8825,2.0814,2.2914,2.6975,2.8987,3.1105,3.1157,3.7201
中债国债收益率曲线,2021-01-14,1.8529,2.0441,2.3405,2.7305,2.895,3.0918,3.1059,3.7076
中债国债收益率曲线,2021-01-15,1.8529,2.066,2.3843,2.7875,2.9634,3.1478,3.1508,3.7423
中债国债收益率曲线,2021-01-18,1.9013,2.125,2.45,2.8422,3.0078,3.1749,3.1658,3.7496
中债国债收益率曲线,2021-01-19,2.0313,2.1703,2.4859,2.8272,2.993,3.1601,3.1609,3.7472
中债国债收益率曲线,2021-01-20,2.0513,2.175,2.47,2.8014,2.9584,3.1491,3.161,3.7369
中债国债收益率曲线,2021-01-21,2.0318,2.1555,2.4475,2.76,2.9244,3.1216,3.1335,3.7198
中债国债收益率曲线,2021-01-22,2.0316,2.1355,2.4525,2.7645,2.9373,3.1112,3.1185,3.7156
中债国债收益率曲线,2021-01-25,2.0525,2.1492,2.4911,2.7844,2.9558,3.1325,3.1323,3.7199
中债国债收益率曲线,2021-01-26,2.2014,2.2589,2.5575,2.8433,2.999,3.1649,3.1585,3.7371
中债国债收益率曲线,2021-01-27,2.3514,2.3539,2.588,2.8415,2.9942,3.1699,3.1636,3.7344
中债国债收益率曲线,2021-01-28,2.6999,2.5543,2.6957,2.8915,3.033,3.2,3.1961,3.7514
中债国债收益率曲线,2021-01-29,2.5931,2.5256,2.6799,2.8849,3.0006,3.18,3.1786,3.7391
中债国债收益率曲线,2021-02-01,2.4501,2.4235,2.6043,2.8464,2.9899,3.1725,3.1712,3.7342
中债国债收益率曲线,2021-02-02,2.4001,2.4001,2.6227,2.8669,3.0102,3.1829,3.1862,3.7415
中债国债收益率曲线,2021-02-03,2.4151,2.43,2.6938,2.907,3.0547,3.21,3.2112,3.7588
中债国债收益率曲线,2021-02-04,2.4351,2.4772,2.7155,2.9206,3.0851,3.2222,3.2347,3.7711
中债国债收益率曲线,2021-02-05,2.4551,2.49,2.7021,2.9136,3.0695,3.2046,3.2164,3.7715
中债国债收益率曲线,2021-02-07,2.4601,2.4807,2.6928,2.9137,3.0775,3.1984,3.2168,3.7664
中债国债收益率曲线,2021-02-08,2.4701,2.4802,2.6968,2.9072,3.0922,3.2143,3.237,3.7787
中债国债收益率曲线,2021-02-09,2.2999,2.3663,2.6772,2.8756,3.0731,3.1965,3.2303,3.7686
中债国债收益率曲线,2021-02-10,2.21,2.3663,2.6559,2.8764,3.0824,3.2157,3.2449,3.776
中债国债收益率曲线,2021-02-18,2.1056,2.3802,2.6916,2.9212,3.1158,3.2498,3.2831,3.7982
中债国债收益率曲线,2021-02-19,2.0274,2.3302,2.6512,2.8922,3.079,3.2269,3.2578,3.7809
中债国债收益率曲线,2021-02-20,2.0174,2.2902,2.6249,2.879,3.0783,3.2275,3.2605,3.7834
中债国债收益率曲线,2021-02-22,2.0488,2.2852,2.6225,2.8935,3.0938,3.2361,3.2736,3.7984
中债国债收益率曲线,2021-02-23,2.0194,2.2813,2.607,2.8802,3.0846,3.2282,3.2635,3.7987
中债国债收益率曲线,2021-02-24,2.0,2.245,2.5935,2.8746,3.0738,3.2363,3.2627,3.8038
中债国债收益率曲线,2021-02-25,1.9703,2.2363,2.5981,2.8822,3.0934,3.2543,3.2723,3.8087
中债国债收益率曲线,2021-02-26,1.9879,2.2508,2.6036,2.9028,3.105,3.2618,3.2798,3.8111
中债国债收益率曲线,2021-03-01,2.0012,2.2472,2.6096,2.8985,3.0805,3.2295,3.2475,3.7761
中债国债收益率曲线,2021-03-02,2.0857,2.2907,2.6169,2.8941,3.0867,3.2314,3.2474,3.7761
中债国债收益率曲线,2021-03-03,2.077,2.3104,2.6203,2.9173,3.0913,3.2332,3.2553,3.7785
中债国债收益率曲线,2021-03-04,2.0687,2.3104,2.6365,2.9362,3.1078,3.2413,3.2655,3.7833
中债国债收益率曲线,2021-03-05,2.0591,2.1904,2.639,2.9194,3.0874,3.2194,3.2457,3.7633
中债国债收益率曲线,2021-03-08,2.0512,2.2908,2.654,2.9353,3.0898,3.2204,3.2404,3.7609
中债国债收益率曲线,2021-03-09,2.074,2.3028,2.634,2.9552,3.1015,3.2298,3.2478,3.7633
中债国债收益率曲线,2021-03-10,2.0656,2.3222,2.6264,2.9447,3.086,3.2193,3.2353,3.761
中债国债收益率曲线,2021-03-11,2.0467,2.3355,2.6288,2.9616,3.0949,3.2286,3.2506,3.7582
中债国债收益率曲线,2021-03-12,2.0551,2.3698,2.6407,2.9582,3.0999,3.2329,3.2613,3.7631
中债国债收益率曲线,2021-03-15,2.0476,2.37,2.675,2.9706,3.0999,3.2438,3.274,3.7705
中债国债收益率曲线,2021-03-16,2.0502,2.3728,2.6663,2.9581,3.0699,3.2314,3.2614,3.7605
中债国债收益率曲线,2021-03-17,2.0629,2.3445,2.6429,2.9405,3.0635,3.2265,3.2564,3.7504
中债国债收益率曲线,2021-03-18,2.0513,2.3456,2.6496,2.943,3.0687,3.2272,3.2592,3.7428
中债国债收益率曲线,2021-03-19,2.0398,2.3433,2.6395,2.9205,3.054,3.2085,3.2364,3.7304
中债国债收益率曲线,2021-03-22,2.0851,2.3663,2.626,2.9105,3.042,3.2092,3.2309,3.7255
中债国债收益率曲线,2021-03-23,2.0744,2.3801,2.6209,2.8916,3.0324,3.1984,3.2105,3.7182
中债国债收益率曲线,2021-03-24,2.051,2.3565,2.6059,2.876,3.0101,3.1828,3.193,3.7109
中债国债收益率曲线,2021-03-25,2.0316,2.3515,2.5904,2.8735,3.0026,3.1742,3.1882,3.7085
中债国债收益率曲线,2021-03-26,2.0025,2.3224,2.6073,2.886,3.0102,3.1806,3.1985,3.718
中债国债收益率曲线,2021-03-29,2.0097,2.3201,2.6075,2.881,3.0058,3.1764,3.1962,3.7211
中债国债收益率曲线,2021-03-30,2.024,2.3011,2.593,2.881,3.0163,3.1918,3.206,3.7285
中债国债收益率曲线,2021-03-31,2.0245,2.284,2.577,2.8635,2.9836,3.1708,3.1887,3.7085
中债国债收益率曲线,2021-04-01,1.9756,2.2641,2.5806,2.8685,2.9939,3.1819,3.196,3.7186
中债国债收益率曲线,2021-04-02,1.9707,2.1841,2.58,2.8685,2.9993,3.1852,3.2013,3.7184
中债国债收益率曲线,2021-04-06,1.9393,2.2108,2.5877,2.8825,3.0156,3.1963,3.2087,3.7234
中债国债收益率曲线,2021-04-07,1.9154,2.2093,2.6105,2.8741,3.0363,3.2036,3.2215,3.7282
中债国债收益率曲线,2021-04-08,1.9115,2.1898,2.6105,2.8793,3.039,3.2038,3.2221,3.7321
中债国债收益率曲线,2021-04-09,1.9615,2.2398,2.5915,2.8695,3.0291,3.1885,3.2121,3.7234
中债国债收益率曲线,2021-04-12,2.0115,2.2248,2.5843,2.8709,3.0116,3.1711,3.1948,3.711
中债国债收益率曲线,2021-04-13,2.0416,2.1742,2.5643,2.8263,2.9746,3.137,3.1626,3.6925
中债国债收益率曲线,2021-04-14,2.0583,2.1842,2.5679,2.8283,2.9774,3.1395,3.1651,3.685
中债国债收益率曲线,2021-04-15,2.0886,2.1742,2.5379,2.8313,2.9853,3.1454,3.1728,3.678
中债国债收益率曲线,2021-04-16,2.0701,2.1631,2.5295,2.8293,2.9777,3.1337,3.1631,3.6625
中债国债收益率曲线,2021-04-19,2.0643,2.1383,2.5195,2.8119,2.9662,3.1248,3.1559,3.6525
中债国债收益率曲线,2021-04-20,2.0655,2.1358,2.4995,2.7815,2.9574,3.1193,3.1554,3.645
中债国债收益率曲线,2021-04-21,2.0481,2.107,2.4595,2.7487,2.9542,3.1205,3.153,3.63
中债国债收益率曲线,2021-04-22,2.0396,2.0975,2.4495,2.7488,2.9597,3.1266,3.1614,3.645
中债国债收益率曲线,2021-04-23,2.0276,2.0973,2.39,2.7433,2.9682,3.1349,3.1719,3.665
中债国债收益率曲线,2021-04-25,2.0422,2.0935,2.3858,2.7483,2.9839,3.1494,3.1841,3.67
中债国债收益率曲线,2021-04-26,1.9997,2.0979,2.4313,2.793,3.0006,3.1635,3.2024,3.69
中债国债收益率曲线,2021-04-27,1.9729,2.0907,2.4226,2.7935,3.0062,3.1669,3.2078,3.69
中债国债收益率曲线,2021-04-28,1.9284,2.0729,2.3964,2.7844,2.9912,3.157,3.1979,3.6925
中债国债收益率曲线,2021-04-29,1.9116,2.0452,2.3799,2.7811,2.9814,3.1505,3.1872,3.685
中债国债收益率曲线,2021-04-30,1.9251,2.0432,2.3591,2.7666,2.9615,3.1331,3.164,3.6701
中债国债收益率曲线,2021-05-06,1.9428,2.0461,2.3266,2.7587,2.9451,3.1256,3.1507,3.6601
中债国债收益率曲线,2021-05-07,1.8533,2.0156,2.32,2.734,2.9416,3.1256,3.1589,3.6551
中债国债收益率曲线,2021-05-08,1.8573,2.0196,2.3193,2.7346,2.9369,3.1333,3.1582,3.6551
中债国债收益率曲线,2021-05-10,1.8361,2.0195,2.3129,2.7208,2.9173,3.1187,3.146,3.6501
中债国债收益率曲线,2021-05-11,1.8541,2.0261,2.3078,2.7232,2.915,3.1212,3.138,3.6426
中债国债收益率曲线,2021-05-12,1.868,2.0303,2.2974,2.7213,2.9229,3.1062,3.131,3.6351
中债国债收益率曲线,2021-05-13,1.9128,2.0491,2.3286,2.7418,2.9427,3.1062,3.1366,3.6376
中债国债收益率曲线,2021-05-14,1.8842,2.0632,2.33,2.7475,2.9367,3.0901,3.1422,3.6351
中债国债收益率曲线,2021-05-17,1.8497,2.1001,2.3504,2.7768,2.9591,3.0906,3.1524,3.6376
中债国债收益率曲线,2021-05-18,1.8845,2.1177,2.3532,2.7722,2.9515,3.0808,3.1457,3.6301
中债国债收益率曲线,2021-05-19,1.8834,2.1163,2.3506,2.7526,2.929,3.0586,3.1298,3.6126
中债国债收益率曲线,2021-05-20,1.851,2.1229,2.3486,2.7307,2.9016,3.0386,3.1001,3.5926
中债国债收益率曲线,2021-05-21,1.8218,2.0995,2.3272,2.7217,2.8919,3.0238,3.0876,3.5826
中债国债收益率曲线,2021-05-24,1.8454,2.1075,2.3418,2.7363,2.8994,3.0316,3.085,3.5801
中债国债收益率曲线,2021-05-25,1.9022,2.1094,2.3468,2.7378,2.8993,3.0317,3.085,3.5751
中债国债收益率曲线,2021-05-26,1.9042,2.1009,2.3414,2.7285,2.8925,3.0238,3.06,3.5651
中债国债收益率曲线,2021-05-27,1.9148,2.1017,2.3463,2.7466,2.9131,3.0436,3.0725,3.5776
中债国债收益率曲线,2021-05-28,1.8953,2.1065,2.41,2.7648,2.9311,3.0585,3.0825,3.5801
中债国债收益率曲线,2021-05-31,1.8864,2.1124,2.4113,2.7487,2.9245,3.0355,3.045,3.5652
中债国债收益率曲线,2021-06-01,1.8343,2.0929,2.3725,2.7475,2.9193,3.0258,3.04,3.5602
中债国债收益率曲线,2021-06-02,1.8507,2.0912,2.3804,2.7613,2.9453,3.0484,3.065,3.5802
中债国债收益率曲线,2021-06-03,1.8511,2.0532,2.3663,2.7609,2.935,3.0408,3.055,3.5727
中债国债收益率曲线,2021-06-04,1.8477,2.0693,2.3934,2.8087,2.9746,3.0807,3.0925,3.6002
中债国债收益率曲线,2021-06-07,1.8663,2.1065,2.4116,2.8421,2.9943,3.103,3.11,3.6277
中债国债收益率曲线,2021-06-08,1.8686,2.1161,2.4133,2.8453,3.0,3.11,3.11,3.6275
中债国债收益率曲线,2021-06-09,1.9276,2.1471,2.4203,2.8453,2.9883,3.0957,3.1051,3.63
中债国债收益率曲线,2021-06-10,1.8917,2.1209,2.424,2.8266,2.9828,3.1,3.1,3.6276
中债国债收益率曲线,2021-06-11,1.9119,2.1559,2.4459,2.8485,3.0085,3.1229,3.1276,3.6625
中债国债收益率曲线,2021-06-15,1.8649,2.1539,2.4699,2.8466,3.0044,3.12,3.1176,3.6601
中债国债收益率曲线,2021-06-16,1.867,2.1679,2.4945,2.849,3.0101,3.13,3.1301,3.683
中债国债收益率曲线,2021-06-17,1.9486,2.2023,2.5272,2.8548,3.0236,3.14,3.1401,3.7305
中债国债收益率曲线,2021-06-18,1.9568,2.1998,2.5274,2.8406,2.9867,3.1109,3.1202,3.6948
中债国债收益率曲线,2021-06-21,1.9519,2.1994,2.5202,2.8192,2.9615,3.0815,3.0953,3.6674
中债国债收益率曲线,2021-06-22,1.9658,2.201,2.5252,2.8089,2.9598,3.0763,3.0877,3.6625
中债国债收益率曲线,2021-06-23,1.9509,2.1912,2.5012,2.786,2.9514,3.0671,3.0853,3.6551
中债国债收益率曲线,2021-06-24,1.9661,2.1948,2.469,2.7675,2.9489,3.0714,3.0828,3.6552
中债国债收益率曲线,2021-06-25,1.9151,2.1855,2.4437,2.7614,2.9506,3.0783,3.0827,3.6502
中债国债收益率曲线,2021-06-28,1.9109,2.1904,2.4705,2.7935,2.9708,3.0999,3.0903,3.668
中债国债收益率曲线,2021-06-29,1.9122,2.2398,2.4564,2.7902,2.9579,3.0974,3.0853,3.6581
中债国债收益率曲线,2021-06-30,1.8831,2.2161,2.4293,2.7781,2.9516,3.0949,3.0778,3.6582
中债国债收益率曲线,2021-07-01,1.8732,2.2036,2.4189,2.7789,2.9601,3.0999,3.0878,3.6657
中债国债收益率曲线,2021-07-02,1.8638,2.1945,2.3994,2.7722,2.9504,3.0949,3.0803,3.6656
中债国债收益率曲线,2021-07-05,1.839,2.148,2.4136,2.7685,2.9489,3.0849,3.0754,3.6484
中债国债收益率曲线,2021-07-06,1.823,2.148,2.4092,2.7708,2.957,3.0875,3.0854,3.6531
中债国债收益率曲线,2021-07-07,1.8104,2.1147,2.401,2.7616,2.9353,3.06,3.0554,3.6207
中债国债收益率曲线,2021-07-08,1.757,2.0593,2.3223,2.7108,2.8661,2.985,2.983,3.5529
中债国债收益率曲线,2021-07-09,1.8171,2.0607,2.3474,2.7377,2.8888,3.0125,3.0105,3.5778
中债国债收益率曲线,2021-07-12,1.8149,1.9897,2.3175,2.6636,2.7888,2.9404,2.9431,3.5282
中债国债收益率曲线,2021-07-13,1.8536,1.9867,2.2958,2.6377,2.7815,2.9229,2.9256,3.5107
中债国债收益率曲线,2021-07-14,1.8144,1.9879,2.2782,2.6466,2.7796,2.9375,2.9356,3.5159
中债国债收益率曲线,2021-07-15,1.8603,1.9911,2.2927,2.6398,2.8155,2.9508,2.9557,3.5361
中债国债收益率曲线,2021-07-16,1.8429,1.9542,2.2719,2.6301,2.7879,2.9404,2.9432,3.5263
中债国债收益率曲线,2021-07-19,1.8192,1.9272,2.2629,2.6227,2.7701,2.9413,2.9483,3.5289
中债国债收益率曲线,2021-07-20,1.8247,1.9069,2.2143,2.5959,2.7504,2.9188,2.9258,3.5114
中债国债收益率曲线,2021-07-21,1.8398,1.9417,2.1833,2.5818,2.7473,2.9092,2.9184,3.5015
中债国债收益率曲线,2021-07-22,1.8364,1.96,2.1551,2.5893,2.7543,2.9213,2.9284,3.5065
中债国债收益率曲线,2021-07-23,1.8122,1.96,2.1119,2.5586,2.7426,2.9064,2.9134,3.4891
中债国债收益率曲线,2021-07-26,1.7663,1.9599,2.1337,2.5327,2.7079,2.8568,2.8711,3.4542
中债国债收益率曲线,2021-07-27,1.7455,1.9696,2.2109,2.5712,2.7328,2.9039,2.911,3.4867
中债国债收益率曲线,2021-07-28,1.7727,1.9999,2.2135,2.6161,2.7438,2.9179,2.9312,3.5018
中债国债收益率曲线,2021-07-29,1.7526,1.99,2.1621,2.5777,2.7192,2.8725,2.884,3.4793
中债国债收益率曲线,2021-07-30,1.7614,1.9696,2.1346,2.5355,2.6872,2.8229,2.8363,3.4444
中债国债收益率曲线,2021-08-02,1.7973,1.9589,2.1281,2.5162,2.6515,2.818,2.8212,3.4117
中债国债收益率曲线,2021-08-03,1.7837,1.9443,2.1272,2.5442,2.6622,2.8326,2.8337,3.4144
中债国债收益率曲线,2021-08-04,1.8412,1.9684,2.1448,2.5628,2.6738,2.8305,2.8338,3.4093
中债国债收益率曲线,2021-08-05,1.8327,1.9691,2.1494,2.5567,2.6614,2.8027,2.7988,3.3769
中债国债收益率曲线,2021-08-06,1.8548,1.9689,2.1514,2.5536,2.6631,2.815,2.8139,3.3818
中债国债收益率曲线,2021-08-09,1.884,1.989,2.2054,2.6004,2.7131,2.86,2.8615,3.4167
中债国债收益率曲线,2021-08-10,1.9041,1.9844,2.1843,2.5846,2.7157,2.8711,2.8766,3.4268
中债国债收益率曲线,2021-08-11,1.9109,1.9982,2.194,2.5995,2.7382,2.8874,2.8841,3.4293
中债国债收益率曲线,2021-08-12,1.9121,2.0052,2.1935,2.5748,2.7082,2.8599,2.8566,3.412
中债国债收益率曲线,2021-08-13,1.9073,2.0,2.2209,2.5908,2.7152,2.8849,2.8792,3.4344
中债国债收益率曲线,2021-08-16,1.8761,1.9888,2.2233,2.5977,2.7433,2.8998,2.8943,3.4445
中债国债收益率曲线,2021-08-17,1.8846,1.9955,2.2164,2.5878,2.731,2.8873,2.8819,3.4321
中债国债收益率曲线,2021-08-18,1.9083,1.9523,2.2252,2.5593,2.7012,2.8499,2.8494,3.4021
中债国债收益率曲线,2021-08-19,1.9322,1.9523,2.238,2.5572,2.6889,2.8424,2.8395,3.3971
中债国债收益率曲线,2021-08-20,1.9311,1.9583,2.2682,2.5711,2.7066,2.8573,2.852,3.4022
中债国债收益率曲线,2021-08-23,1.9558,1.9788,2.3024,2.5764,2.7223,2.8723,2.8672,3.4098
中债国债收益率曲线,2021-08-24,1.99,1.9801,2.2947,2.5656,2.7049,2.8598,2.8522,3.3998
中债国债收益率曲线,2021-08-25,2.0699,2.0501,2.2995,2.5654,2.6975,2.8598,2.8547,3.4024
中债国债收益率曲线,2021-08-26,2.08,2.0801,2.3247,2.5801,2.733,2.8898,2.8848,3.4249
中债国债收益率曲线,2021-08-27,2.0719,2.0806,2.3235,2.5635,2.7132,2.8797,2.8698,3.4149
中债国债收益率曲线,2021-08-30,2.0763,2.0908,2.3125,2.5551,2.6937,2.8597,2.8505,3.405
中债国债收益率曲线,2021-08-31,2.0703,2.09,2.3105,2.5547,2.6811,2.8522,2.845,3.4027
中债国债收益率曲线,2021-09-01,2.09,2.0901,2.2911,2.531,2.6466,2.8273,2.8226,3.3876
中债国债收益率曲线,2021-09-02,2.0827,2.1,2.2993,2.5332,2.6565,2.8324,2.8301,3.3901
中债国债收益率曲线,2021-09-03,2.0579,2.1,2.3122,2.5051,2.6625,2.8349,2.8327,3.3952
中债国债收益率曲线,2021-09-06,2.0227,2.1074,2.3096,2.5356,2.6674,2.8398,2.8354,3.3952
中债国债收益率曲线,2021-09-07,2.0302,2.1601,2.3146,2.5608,2.6901,2.8623,2.8604,3.4126
中债国债收益率曲线,2021-09-08,2.0864,2.22,2.3246,2.5659,2.7005,2.8699,2.8705,3.4176
中债国债收益率曲线,2021-09-09,2.0743,2.2258,2.3531,2.5713,2.7005,2.8724,2.873,3.4227
中债国债收益率曲线,2021-09-10,2.0528,2.245,2.3666,2.5715,2.7059,2.8673,2.8656,3.4177
中债国债收益率曲线,2021-09-13,2.0633,2.2627,2.3822,2.5818,2.7424,2.8899,2.8908,3.4313
中债国债收益率曲线,2021-09-14,2.0965,2.2943,2.404,2.5869,2.7372,2.8825,2.8858,3.4304
中债国债收益率曲线,2021-09-15,2.0919,2.2958,2.4028,2.6126,2.7572,2.8975,2.9009,3.4354
中债国债收益率曲线,2021-09-16,2.1019,2.3002,2.4025,2.6,2.7422,2.878,2.8885,3.428
中债国债收益率曲线,2021-09-17,2.0916,2.3049,2.3978,2.5829,2.7328,2.8698,2.8785,3.4278
中债国债收益率曲线,2021-09-18,2.078,2.2913,2.3912,2.5844,2.7226,2.8625,2.8717,3.4234
中债国债收益率曲线,2021-09-22,1.984,2.2848,2.3325,2.5632,2.7139,2.8497,2.8639,3.416
中债国债收益率曲线,2021-09-23,1.9926,2.2917,2.3385,2.5534,2.7041,2.8412,2.8565,3.4121
中债国债收益率曲线,2021-09-24,2.0335,2.2935,2.3828,2.5426,2.7206,2.8521,2.8719,3.4185
中债国债收益率曲线,2021-09-26,2.0309,2.2877,2.3686,2.5413,2.716,2.858,2.8797,3.4237
中债国债收益率曲线,2021-09-27,2.0098,2.2919,2.3997,2.5434,2.7213,2.8588,2.8825,3.4209
中债国债收益率曲线,2021-09-28,2.0167,2.2915,2.3741,2.5453,2.7268,2.8607,2.8769,3.4239
中债国债收益率曲线,2021-09-29,1.9946,2.2919,2.3571,2.5248,2.7071,2.8465,2.8646,3.4112
中债国债收益率曲线,2021-09-30,1.9562,2.1998,2.3327,2.5122,2.7134,2.854,2.8776,3.4237
中债国债收益率曲线,2021-10-08,1.8119,2.2006,2.344,2.5453,2.7429,2.8894,2.9131,3.4414
中债国债收益率曲线,2021-10-09,1.8233,2.2226,2.3252,2.5421,2.7485,2.8911,2.9186,3.4465
中债国债收益率曲线,2021-10-11,1.8405,2.2301,2.349,2.5838,2.7895,2.9379,2.958,3.4815
中债国债收益率曲线,2021-10-12,1.8239,2.2305,2.3467,2.5986,2.7994,2.9438,2.9657,3.4967
中债国债收益率曲线,2021-10-13,1.829,2.2435,2.3401,2.6284,2.8005,2.9412,2.9578,3.4997
中债国债收益率曲线,2021-10-14,1.8258,2.2535,2.3325,2.6406,2.805,2.938,2.9581,3.5046
中债国债收益率曲线,2021-10-15,1.835,2.2585,2.3361,2.6459,2.8155,2.9464,2.9683,3.5265
中债国债收益率曲线,2021-10-18,1.8563,2.2935,2.3727,2.7337,2.8908,3.05,3.0426,3.5958
中债国债收益率曲线,2021-10-19,1.9045,2.2702,2.3771,2.7126,2.8763,3.025,3.0102,3.54
中债国债收益率曲线,2021-10-20,2.1286,2.2448,2.3819,2.6869,2.8625,3.0175,2.9978,3.5251
中债国债收益率曲线,2021-10-21,2.1934,2.2701,2.3574,2.6525,2.8359,2.99,2.9702,3.5101
中债国债收益率曲线,2021-10-22,2.2305,2.27,2.3475,2.6556,2.8496,3.0075,2.9953,3.5277
中债国债收益率曲线,2021-10-25,2.2105,2.27,2.3438,2.6617,2.8526,3.0125,2.9879,3.5329
中债国债收益率曲线,2021-10-26,2.2216,2.26,2.3425,2.6625,2.8396,3.0125,2.978,3.5253
中债国债收益率曲线,2021-10-27,2.228,2.33,2.3375,2.6742,2.847,3.015,2.9781,3.5228
中债国债收益率曲线,2021-10-28,2.2413,2.34,2.3375,2.6718,2.8365,3.0,2.9682,3.5029
中债国债收益率曲线,2021-10-29,2.2516,2.3597,2.31,2.6857,2.8438,3.0075,2.9732,3.498
中债国债收益率曲线,2021-11-01,2.2408,2.3494,2.3151,2.6684,2.8134,2.9775,2.9435,3.4606
中债国债收益率曲线,2021-11-02,2.2421,2.3392,2.3051,2.6436,2.7831,2.95,2.9259,3.443
中债国债收益率曲线,2021-11-03,2.3024,2.3293,2.3001,2.6568,2.7986,2.9575,2.9385,3.4556
中债国债收益率曲线,2021-11-04,2.3024,2.3097,2.3002,2.6382,2.7759,2.9375,2.9261,3.4407
中债国债收益率曲线,2021-11-05,2.2974,2.3091,2.2852,2.6111,2.7299,2.905,2.8911,3.4107
中债国债收益率曲线,2021-11-08,2.2874,2.3085,2.2804,2.6206,2.741,2.9199,2.9013,3.4208
中债国债收益率曲线,2021-11-09,2.2614,2.35,2.2905,2.623,2.749,2.9199,2.8988,3.4209
中债国债收益率曲线,2021-11-10,2.274,2.3499,2.2906,2.6248,2.7547,2.9299,2.9139,3.4309
中债国债收益率曲线,2021-11-11,2.2726,2.3398,2.2907,2.6424,2.7698,2.9425,2.9365,3.4559
中债国债收益率曲线,2021-11-12,2.2792,2.3396,2.2759,2.6373,2.7705,2.94,2.9391,3.4535
中债国债收益率曲线,2021-11-15,2.2672,2.3291,2.2737,2.6129,2.757,2.9225,2.9269,3.4336
中债国债收益率曲线,2021-11-16,2.2698,2.2994,2.2688,2.6057,2.7499,2.92,2.9244,3.4336
中债国债收益率曲线,2021-11-17,2.3,2.2996,2.2814,2.6118,2.7551,2.9225,2.9295,3.4386
中债国债收益率曲线,2021-11-18,2.2859,2.2992,2.2716,2.607,2.7442,2.903,2.9146,3.4237
中债国债收益率曲线,2021-11-19,2.2656,2.2988,2.2618,2.6149,2.7608,2.925,2.9302,3.4312
中债国债收益率曲线,2021-11-22,2.2486,2.2977,2.2523,2.5981,2.7443,2.9124,2.8876,3.4188
中债国债收益率曲线,2021-11-23,2.2802,2.2832,2.25,2.6067,2.7464,2.9124,2.8875,3.4239
中债国债收益率曲线,2021-11-24,2.2725,2.2725,2.2426,2.5768,2.714,2.8874,2.86,3.3964
中债国债收益率曲线,2021-11-25,2.275,2.275,2.2477,2.5794,2.7087,2.8854,2.855,3.399
中债国债收益率曲线,2021-11-26,2.2606,2.265,2.2427,2.5549,2.6781,2.8524,2.82,3.3716
中债国债收益率曲线,2021-11-29,2.28,2.2844,2.246,2.5703,2.6854,2.8573,2.825,3.3717
中债国债收益率曲线,2021-11-30,2.2822,2.2934,2.2463,2.5864,2.692,2.8598,2.825,3.3727
中债国债收益率曲线,2021-12-01,2.28,2.28,2.2443,2.5999,2.7129,2.8748,2.8401,3.3817
中债国债收益率曲线,2021-12-02,2.285,2.285,2.2446,2.6148,2.7444,2.8898,2.8601,3.3943
中债国债收益率曲线,2021-12-03,2.285,2.285,2.255,2.624,2.7573,2.8998,2.8701,3.3968
中债国债收益率曲线,2021-12-06,2.2602,2.2691,2.2452,2.5842,2.7015,2.8498,2.8176,3.3595
中债国债收益率曲线,2021-12-07,2.29,2.2697,2.251,2.603,2.7301,2.8773,2.8451,3.372
中债国债收益率曲线,2021-12-08,2.315,2.335,2.2658,2.6136,2.74,2.8848,2.8551,3.3795
中债国债收益率曲线,2021-12-09,2.3154,2.3497,2.2767,2.6113,2.7325,2.8798,2.8526,3.3771
中债国债收益率曲线,2021-12-10,2.3201,2.3545,2.2767,2.5956,2.7236,2.8723,2.8426,3.3747
中债国债收益率曲线,2021-12-13,2.3203,2.3544,2.3015,2.5877,2.7232,2.8823,2.8552,3.3797
中债国债收益率曲线,2021-12-14,2.3152,2.3591,2.298,2.5751,2.7035,2.8723,2.8477,3.3773
中债国债收益率曲线,2021-12-15,2.3201,2.364,2.3101,2.5686,2.7023,2.8748,2.8502,3.3844
中债国债收益率曲线,2021-12-16,2.3253,2.3515,2.3108,2.5733,2.7076,2.8798,2.8577,3.3899
中债国债收益率曲线,2021-12-17,2.3321,2.3444,2.3209,2.5726,2.7163,2.8822,2.8512,3.3899
中债国债收益率曲线,2021-12-20,2.3406,2.3693,2.3572,2.5918,2.7276,2.8797,2.8533,3.3826
中债国债收益率曲线,2021-12-21,2.3714,2.399,2.3828,2.5893,2.722,2.8723,2.8508,3.3801
中债国债收益率曲线,2021-12-22,2.3817,2.3982,2.3657,2.5755,2.7024,2.8547,2.8303,3.3728
中债国债收益率曲线,2021-12-23,2.35,2.3492,2.3336,2.5463,2.6755,2.8397,2.8143,3.3648
中债国债收益率曲线,2021-12-24,2.3278,2.3592,2.3386,2.5596,2.6855,2.8497,2.8203,3.3654
中债国债收益率曲线,2021-12-27,2.321,2.3588,2.3541,2.5445,2.6713,2.8347,2.8128,3.348
中债国债收益率曲线,2021-12-28,2.3213,2.358,2.3444,2.5308,2.6565,2.8222,2.8004,3.3331
中债国债收益率曲线,2021-12-29,2.2801,2.33,2.3353,2.5066,2.6272,2.8023,2.7854,3.3156
中债国债收益率曲线,2021-12-30,2.2101,2.28,2.2936,2.4614,2.6026,2.7773,2.7654,3.3108
中债国债收益率曲线,2021-12-31,2.0006,2.1563,2.2429,2.4584,2.6092,2.7824,2.7754,3.3283
中债国债收益率曲线,2022-01-04,2.0722,2.171,2.2529,2.4438,2.6127,2.785,2.7855,3.3345
中债国债收益率曲线,2022-01-05,2.0704,2.1637,2.2284,2.449,2.6423,2.8008,2.8045,3.346
中债国债收益率曲线,2022-01-06,2.0413,2.1663,2.2303,2.4812,2.6585,2.818,2.8205,3.361
中债国债收益率曲线,2022-01-07,2.0476,2.1549,2.2295,2.4734,2.6544,2.8155,2.8181,3.3636
中债国债收益率曲线,2022-01-10,2.0517,2.14,2.2143,2.4513,2.6281,2.8011,2.8056,3.3537
中债国债收益率曲线,2022-01-11,2.0046,2.113,2.1957,2.4229,2.6096,2.7852,2.7957,3.3413
中债国债收益率曲线,2022-01-12,2.004,2.114,2.1898,2.4231,2.6104,2.7872,2.7957,3.3312
中债国债收益率曲线,2022-01-13,2.0254,2.1221,2.1812,2.4266,2.6026,2.7733,2.7858,3.3238
中债国债收益率曲线,2022-01-14,2.0258,2.1154,2.1721,2.4298,2.6125,2.775,2.7935,3.3268
中债国债收益率曲线,2022-01-17,2.0201,2.1074,2.1566,2.4162,2.5922,2.7696,2.786,3.3314
中债国债收益率曲线,2022-01-18,1.98,2.0638,2.0501,2.3542,2.4895,2.7092,2.7415,3.2991
中债国债收益率曲线,2022-01-19,1.9319,1.9856,2.0401,2.332,2.4895,2.7032,2.7314,3.3003
中债国债收益率曲线,2022-01-20,1.9216,1.9753,2.0204,2.3038,2.4745,2.6847,2.7271,3.2944
中债国债收益率曲线,2022-01-21,1.875,1.89,2.0018,2.2614,2.4295,2.6596,2.71,3.282
中债国债收益率曲线,2022-01-24,1.8002,1.8643,1.9502,2.2188,2.3527,2.6213,2.6751,3.2598
中债国债收益率曲线,2022-01-25,1.8017,1.8503,1.9656,2.261,2.4006,2.6435,2.6979,3.2774
中债国债收益率曲线,2022-01-26,1.7724,1.8818,1.9807,2.2653,2.4188,2.673,2.7146,3.2861
中债国债收益率曲线,2022-01-27,1.7967,1.8938,1.9936,2.2815,2.4215,2.6893,2.7348,3.2997
中债国债收益率曲线,2022-01-28,1.7876,1.8941,1.9507,2.2415,2.3815,2.6587,2.7021,3.2751
中债国债收益率曲线,2022-01-29,1.7876,1.8941,1.9512,2.2327,2.3682,2.6521,2.7013,3.275
中债国债收益率曲线,2022-01-30,1.7756,1.8882,1.9514,2.2318,2.3634,2.6555,2.6997,3.2718
中债国债收益率曲线,2022-02-07,1.6644,1.8225,1.9472,2.2697,2.4142,2.6769,2.7256,3.2879
中债国债收益率曲线,2022-02-08,1.6529,1.8268,1.9049,2.278,2.4193,2.6801,2.7227,3.2905
中债国债收益率曲线,2022-02-09,1.6608,1.8254,1.9001,2.299,2.4345,2.6902,2.7328,3.298
中债国债收益率曲线,2022-02-10,1.6198,1.8054,1.8837,2.2965,2.4318,2.6903,2.7328,3.2955
中债国债收益率曲线,2022-02-11,1.5933,1.7991,1.9192,2.3465,2.5001,2.7605,2.7891,3.3431
中债国债收益率曲线,2022-02-14,1.582,1.7935,1.9017,2.359,2.5214,2.784,2.8018,3.3557
中债国债收益率曲线,2022-02-15,1.6052,1.7821,1.8847,2.3472,2.5169,2.7791,2.7968,3.3532
中债国债收益率曲线,2022-02-16,1.7065,1.89,1.9279,2.3281,2.497,2.7626,2.7892,3.3458
中债国债收益率曲线,2022-02-17,1.7528,1.92,1.9095,2.3013,2.4799,2.7493,2.7799,3.341
中债国债收益率曲线,2022-02-18,1.8269,1.94,1.9781,2.3088,2.5086,2.7669,2.7975,3.3507
中债国债收益率曲线,2022-02-21,1.8256,1.96,2.0326,2.3408,2.5701,2.8175,2.83,3.3896
中债国债收益率曲线,2022-02-22,1.8689,1.9682,2.1162,2.3561,2.6007,2.8164,2.82,3.3871
中债国债收益率曲线,2022-02-23,1.9322,1.9613,2.0935,2.3486,2.5608,2.7865,2.79,3.3706
中债国债收益率曲线,2022-02-24,1.9574,1.9862,2.0948,2.3386,2.5561,2.7875,2.7875,3.3754
中债国债收益率曲线,2022-02-25,1.9334,1.98,2.0242,2.295,2.5274,2.7662,2.775,3.3611
中债国债收益率曲线,2022-02-28,1.9,2.0,2.0442,2.293,2.5105,2.7697,2.775,3.3539
中债国债收益率曲线,2022-03-01,1.8962,2.0028,2.0537,2.303,2.5419,2.7973,2.8025,3.3713
中债国债收益率曲线,2022-03-02,1.9139,2.0137,2.0867,2.3156,2.5651,2.8088,2.8175,3.3762
中债国债收益率曲线,2022-03-03,1.9103,2.0448,2.1167,2.3407,2.5958,2.8283,2.83,3.3912
中债国债收益率曲线,2022-03-04,1.8864,2.0356,2.1074,2.3309,2.5705,2.8108,2.8125,3.3813
中债国债收益率曲线,2022-03-07,1.8013,2.0018,2.0849,2.3312,2.5546,2.8038,2.8126,3.3813
中债国债收益率曲线,2022-03-08,1.7446,1.9725,2.0687,2.3017,2.5422,2.8103,2.8276,3.3862
中债国债收益率曲线,2022-03-09,1.8902,2.034,2.115,2.3165,2.568,2.8254,2.8426,3.4011
中债国债收益率曲线,2022-03-10,1.9004,2.0453,2.115,2.3265,2.5888,2.8329,2.8502,3.4111
中债国债收益率曲线,2022-03-11,1.9006,2.0353,2.0863,2.3227,2.5153,2.7696,2.7902,3.3714
中债国债收益率曲线,2022-03-14,1.8053,1.9573,2.0725,2.2816,2.4809,2.7471,2.7677,3.3564
中债国债收益率曲线,2022-03-15,1.9276,1.9976,2.1275,2.3329,2.569,2.8023,2.8177,3.3941
中债国债收益率曲线,2022-03-16,2.02,2.02,2.1431,2.3521,2.5549,2.7849,2.7952,3.3793
中债国债收益率曲线,2022-03-17,2.03,2.03,2.1368,2.3608,2.547,2.7825,2.7876,3.3819
中债国债收益率曲线,2022-03-18,1.99,1.99,2.1106,2.3393,2.5382,2.7842,2.7927,3.3843
中债国债收益率曲线,2022-03-21,2.0019,2.0097,2.15,2.3847,2.5735,2.8059,2.8127,3.3894
中债国债收益率曲线,2022-03-22,2.0101,2.0179,2.1649,2.4421,2.6046,2.8267,2.8302,3.3994
中债国债收益率曲线,2022-03-23,2.0506,2.0584,2.168,2.4582,2.6062,2.8234,2.8302,3.3949
中债国债收益率曲线,2022-03-24,2.0639,2.1316,2.1704,2.4433,2.5861,2.8001,2.8052,3.3801
中债国债收益率曲线,2022-03-25,2.0406,2.1305,2.1632,2.4309,2.5756,2.825,2.7972,3.3747
中债国债收益率曲线,2022-03-28,2.0157,2.1302,2.1595,2.439,2.5837,2.82,2.7903,3.3674
中债国债收益率曲线,2022-03-29,2.0109,2.0649,2.1582,2.4414,2.5864,2.82,2.7853,3.365
中债国债收益率曲线,2022-03-30,1.9502,2.0737,2.1545,2.4302,2.5662,2.805,2.7703,3.3549
中债国债收益率曲线,2022-03-31,1.9112,2.0419,2.1299,2.4151,2.5733,2.815,2.7878,3.366
中债国债收益率曲线,2022-04-01,1.8842,2.0161,2.1052,2.3807,2.5495,2.7925,2.7743,3.3602
中债国债收益率曲线,2022-04-02,1.8882,2.0158,2.1006,2.376,2.5342,2.79,2.7714,3.3591
中债国债收益率曲线,2022-04-06,1.8538,2.0154,2.0832,2.3561,2.5209,2.775,2.7604,3.3505
中债国债收益率曲线,2022-04-07,1.8333,2.019,2.06,2.3446,2.5086,2.755,2.7394,3.3426
中债国债收益率曲线,2022-04-08,1.8073,2.018,2.0669,2.3541,2.524,2.77,2.7529,3.3449
中债国债收益率曲线,2022-04-11,1.8148,2.0311,2.0757,2.3874,2.552,2.785,2.768,3.3471
中债国债收益率曲线,2022-04-12,1.9043,2.0097,2.0729,2.4033,2.5671,2.7925,2.7705,3.3469
中债国债收益率曲线,2022-04-13,1.9257,2.0013,2.0521,2.3894,2.5526,2.7825,2.7631,3.3446
中债国债收益率曲线,2022-04-14,1.9061,1.961,2.0264,2.3701,2.5441,2.78,2.7656,3.3467
中债国债收益率曲线,2022-04-15,1.8704,1.9422,1.9918,2.3454,2.5226,2.77,2.7578,3.3442
中债国债收益率曲线,2022-04-18,1.8631,1.9563,2.0143,2.3851,2.5798,2.815,2.8107,3.3682
中债国债收益率曲线,2022-04-19,1.8281,1.9592,2.0184,2.3938,2.5635,2.825,2.8208,3.3302
中债国债收益率曲线,2022-04-20,1.8585,1.9654,2.0136,2.4088,2.5862,2.845,2.833,3.3202
中债国债收益率曲线,2022-04-21,1.861,1.9528,1.9825,2.3989,2.5788,2.845,2.8259,3.3052
中债国债收益率曲线,2022-04-22,1.8815,1.9493,1.9542,2.4202,2.6018,2.86,2.8409,3.3077
中债国债收益率曲线,2022-04-24,1.8744,1.93,1.9523,2.4201,2.6023,2.8549,2.8335,3.3003
中债国债收益率曲线,2022-04-25,1.8801,1.8956,1.9282,2.3965,2.5776,2.8349,2.816,3.2953
中债国债收益率曲线,2022-04-26,1.871,1.89,1.9633,2.4078,2.5894,2.8425,2.826,3.2954
中债国债收益率曲线,2022-04-27,1.8544,1.9073,2.041,2.4342,2.6131,2.855,2.8411,3.3004
中债国债收益率曲线,2022-04-28,1.8995,1.9399,2.0563,2.4476,2.6334,2.86,2.8486,3.3229
中债国债收益率曲线,2022-04-29,1.8476,1.9001,2.032,2.4315,2.6136,2.8475,2.8386,3.308
中债国债收益率曲线,2022-05-05,1.8427,1.8945,2.0367,2.4391,2.6075,2.8399,2.8282,3.3157
中债国债收益率曲线,2022-05-06,1.832,1.8714,2.0454,2.4463,2.6204,2.8399,2.8273,3.3132
中债国债收益率曲线,2022-05-07,1.8314,1.8711,2.0423,2.445,2.6207,2.8374,2.8263,3.3108
中债国债收益率曲线,2022-05-09,1.8131,1.8874,2.0373,2.4335,2.6037,2.8249,2.8154,3.2983
中债国债收益率曲线,2022-05-10,1.8031,1.8788,2.0306,2.4117,2.5789,2.813,2.8089,3.2947
中债国债收益率曲线,2022-05-11,1.8003,1.9334,2.051,2.4121,2.5997,2.8225,2.824,3.3059
中债国债收益率曲线,2022-05-12,1.7808,1.9147,2.0261,2.3923,2.5723,2.8027,2.8055,3.291
中债国债收益率曲线,2022-05-13,1.7204,1.8858,2.0125,2.3909,2.5852,2.8103,2.814,3.301
中债国债收益率曲线,2022-05-16,1.7059,1.8409,1.997,2.3802,2.5817,2.8114,2.8216,3.3036
中债国债收益率曲线,2022-05-17,1.6799,1.7921,1.9474,2.357,2.5725,2.8023,2.8178,3.3011
中债国债收益率曲线,2022-05-18,1.6601,1.7905,1.9275,2.3356,2.5424,2.7899,2.7801,3.2938
中债国债收益率曲线,2022-05-19,1.6638,1.8036,1.9421,2.3386,2.5428,2.7849,2.7774,3.2863
中债国债收益率曲线,2022-05-20,1.6506,1.7944,1.9565,2.3524,2.5503,2.79,2.79,3.2833
中债国债收益率曲线,2022-05-23,1.6512,1.7275,1.9568,2.3426,2.531,2.771,2.7675,3.2715
中债国债收益率曲线,2022-05-24,1.5817,1.6959,1.9677,2.3505,2.5439,2.7675,2.765,3.2715
中债国债收益率曲线,2022-05-25,1.6017,1.7589,1.9773,2.3527,2.5415,2.76,2.7575,3.2616
中债国债收益率曲线,2022-05-26,1.5815,1.7391,1.9246,2.3156,2.4885,2.7058,2.71,3.2217
中债国债收益率曲线,2022-05-27,1.5778,1.7321,1.9133,2.2905,2.4767,2.6954,2.6974,3.2218
中债国债收益率曲线,2022-05-30,1.5998,1.7351,1.9141,2.3036,2.5113,2.7275,2.7225,3.2393
中债国债收益率曲线,2022-05-31,1.5996,1.7333,1.916,2.3413,2.5464,2.7569,2.7426,3.2594
中债国债收益率曲线,2022-06-01,1.5206,1.7295,1.9415,2.3463,2.5594,2.7674,2.7551,3.2643
中债国债收益率曲线,2022-06-02,1.5325,1.7531,1.9564,2.3413,2.563,2.7748,2.7601,3.2669
中债国债收益率曲线,2022-06-06,1.5418,1.7877,2.0199,2.3743,2.5994,2.7997,2.7776,3.2745
中债国债收益率曲线,2022-06-07,1.5566,1.7966,2.018,2.3674,2.5842,2.7822,2.7576,3.2671
中债国债收益率曲线,2022-06-08,1.5656,1.7845,2.0282,2.3625,2.585,2.7848,2.7661,3.2746
中债国债收益率曲线,2022-06-09,1.5572,1.7882,2.0151,2.3533,2.5726,2.7698,2.7576,3.2646
中债国债收益率曲线,2022-06-10,1.5315,1.7758,2.0051,2.3478,2.568,2.7673,2.7526,3.2622
中债国债收益率曲线,2022-06-13,1.5613,1.7737,2.0026,2.3531,2.5899,2.7798,2.7652,3.2698
中债国债收益率曲线,2022-06-14,1.5602,1.8367,2.0176,2.3587,2.5952,2.7799,2.7702,3.2698
中债国债收益率曲线,2022-06-15,1.5862,1.8469,2.036,2.3637,2.6112,2.7924,2.7827,3.2722
中债国债收益率曲线,2022-06-16,1.5613,1.8418,2.0352,2.354,2.5936,2.7774,2.7728,3.2623
中债国债收益率曲线,2022-06-17,1.6118,1.7891,2.0102,2.3449,2.5944,2.79,2.7752,3.2598
中债国债收益率曲线,2022-06-20,1.6267,1.8039,2.0056,2.3492,2.6163,2.793,2.7853,3.2674
中债国债收益率曲线,2022-06-21,1.6245,1.8167,2.0018,2.3785,2.6118,2.79,2.7853,3.2664
中债国债收益率曲线,2022-06-22,1.6029,1.7994,1.9869,2.374,2.6045,2.7875,2.7773,3.2655
中债国债收益率曲线,2022-06-23,1.5821,1.7593,1.9608,2.3719,2.6077,2.79,2.7803,3.2675
中债国债收益率曲线,2022-06-24,1.5829,1.7611,1.9653,2.3826,2.634,2.8,2.7978,3.2825
中债国债收益率曲线,2022-06-27,1.5824,1.7783,1.9971,2.4517,2.6704,2.85,2.8329,3.2923
中债国债收益率曲线,2022-06-28,1.6356,1.7841,1.9976,2.4732,2.6825,2.86,2.8414,3.2973
中债国债收益率曲线,2022-06-29,1.6817,1.7783,1.9763,2.4615,2.6732,2.8525,2.8294,3.295
中债国债收益率曲线,2022-06-30,1.6006,1.7919,1.9504,2.4491,2.6529,2.8375,2.8205,3.29
中债国债收益率曲线,2022-07-01,1.5328,1.7598,1.9324,2.4455,2.6485,2.8425,2.8255,3.2926
中债国债收益率曲线,2022-07-04,1.5484,1.7831,1.9831,2.492,2.6965,2.865,2.8445,3.3101
中债国债收益率曲线,2022-07-05,1.5578,1.8136,2.01,2.5045,2.693,2.865,2.8333,3.3153
中债国债收益率曲线,2022-07-06,1.6169,1.7915,1.9911,2.5079,2.6902,2.86,2.8356,3.3153
中债国债收益率曲线,2022-07-07,1.6599,1.7553,1.9824,2.5028,2.6857,2.855,2.8356,3.3154
中债国债收益率曲线,2022-07-08,1.6309,1.729,1.9584,2.4962,2.6785,2.855,2.8384,3.3407
中债国债收益率曲线,2022-07-11,1.6305,1.7001,1.9417,2.456,2.6535,2.84,2.8266,3.3324
中债国债收益率曲线,2022-07-12,1.6004,1.6865,1.9345,2.4304,2.6209,2.815,2.8117,3.3184
中债国债收益率曲线,2022-07-13,1.6231,1.673,1.9376,2.4294,2.6134,2.8125,2.8067,3.316
中债国债收益率曲线,2022-07-14,1.6256,1.6505,1.9147,2.3964,2.587,2.79,2.7907,3.296
中债国债收益率曲线,2022-07-15,1.6037,1.6378,1.8837,2.3953,2.5848,2.7875,2.7857,3.2859
中债国债收益率曲线,2022-07-18,1.5861,1.6185,1.8488,2.3784,2.5789,2.7784,2.7837,3.2785
中债国债收益率曲线,2022-07-19,1.5895,1.6004,1.8491,2.3805,2.5868,2.7782,2.7859,3.2785
中债国债收益率曲线,2022-07-20,1.5964,1.6367,1.8712,2.37,2.5634,2.7564,2.771,3.2636
中债国债收益率曲线,2022-07-21,1.5857,1.6359,1.8717,2.3575,2.5516,2.7512,2.7635,3.2566
中债国债收益率曲线,2022-07-22,1.5767,1.6944,1.9036,2.3762,2.5801,2.7716,2.787,3.2688
中债国债收益率曲线,2022-07-25,1.5487,1.6962,1.9007,2.365,2.5555,2.7642,2.779,3.2639
中债国债收益率曲线,2022-07-26,1.5411,1.6769,1.881,2.3355,2.5415,2.7534,2.77,3.2571
中债国债收益率曲线,2022-07-27,1.5399,1.6691,1.8772,2.3337,2.5205,2.7522,2.7701,3.2566
中债国债收益率曲线,2022-07-28,1.5506,1.6856,1.8905,2.3613,2.5483,2.7694,2.785,3.2693
中债国债收益率曲线,2022-07-29,1.4988,1.6562,1.8623,2.3228,2.5136,2.7374,2.756,3.2449
中债国债收益率曲线,2022-08-01,1.4558,1.5902,1.8269,2.2912,2.4895,2.7079,2.7292,3.2246
中债国债收益率曲线,2022-08-02,1.4172,1.5451,1.7705,2.2855,2.4899,2.7038,2.7314,3.2273
中债国债收益率曲线,2022-08-03,1.4395,1.5446,1.7528,2.2495,2.4501,2.6852,2.7218,3.2197
中债国债收益率曲线,2022-08-04,1.4095,1.53,1.6907,2.2448,2.4379,2.685,2.7192,3.2191
中债国债收益率曲线,2022-08-05,1.4169,1.5473,1.7116,2.27,2.4657,2.6979,2.7339,3.2319
中债国债收益率曲线,2022-08-08,1.439,1.5534,1.7316,2.2822,2.4715,2.7056,2.7409,3.2416
中债国债收益率曲线,2022-08-09,1.4689,1.5755,1.7886,2.3116,2.4889,2.7055,2.74,3.244
中债国债收益率曲线,2022-08-10,1.4699,1.6221,1.8136,2.3287,2.4914,2.7095,2.7366,3.242
中债国债收益率曲线,2022-08-11,1.4871,1.6621,1.8161,2.3357,2.4839,2.7024,2.7317,3.2403
中债国债收益率曲线,2022-08-12,1.4508,1.6614,1.8115,2.3358,2.4892,2.7072,2.7347,3.2422
中债国债收益率曲线,2022-08-15,1.418,1.6016,1.7167,2.2433,2.395,2.6216,2.6582,3.1883
中债国债收益率曲线,2022-08-16,1.4111,1.5799,1.7199,2.2449,2.3828,2.6011,2.6346,3.1759
中债国债收益率曲线,2022-08-17,1.4309,1.6027,1.719,2.2475,2.3801,2.6019,2.6124,3.1709
中债国债收益率曲线,2022-08-18,1.4557,1.607,1.7004,2.2235,2.3578,2.5716,2.58,3.1378
中债国债收益率曲线,2022-08-19,1.4308,1.5953,1.7248,2.2279,2.3708,2.5812,2.5875,3.1141
中债国债收益率曲线,2022-08-22,1.4308,1.6144,1.757,2.2432,2.3967,2.5821,2.5925,3.0985
中债国债收益率曲线,2022-08-23,1.4604,1.6315,1.7571,2.2719,2.4091,2.5971,2.6075,3.1105
中债国债收益率曲线,2022-08-24,1.4603,1.6362,1.7496,2.2629,2.4122,2.5976,2.61,3.1129
中债国债收益率曲线,2022-08-25,1.4606,1.6493,1.7912,2.2829,2.4448,2.6233,2.639,3.1426
中债国债收益率曲线,2022-08-26,1.4611,1.6841,1.7922,2.2629,2.4433,2.6314,2.643,3.1439
中债国债收益率曲线,2022-08-29,1.4631,1.6799,1.7561,2.2165,2.413,2.6123,2.6225,3.1235
中债国债收益率曲线,2022-08-30,1.4635,1.658,1.7406,2.1916,2.4071,2.6065,2.613,3.1162
中债国债收益率曲线,2022-08-31,1.4704,1.6631,1.7378,2.1918,2.4065,2.6144,2.6225,3.1162
中债国债收益率曲线,2022-09-01,1.4708,1.6629,1.7243,2.19,2.3965,2.6064,2.6125,3.1032
中债国债收益率曲线,2022-09-02,1.4416,1.6654,1.7193,2.183,2.4024,2.6124,2.6226,3.1008
中债国债收益率曲线,2022-09-05,1.4436,1.6473,1.7132,2.1743,2.3882,2.6035,2.618,3.09
中债国债收益率曲线,2022-09-06,1.4442,1.6413,1.7127,2.1696,2.3835,2.5987,2.614,3.0846
中债国债收益率曲线,2022-09-07,1.4628,1.6535,1.7365,2.1748,2.3914,2.6043,2.6215,3.0887
中债国债收益率曲线,2022-09-08,1.4733,1.6663,1.749,2.1752,2.3986,2.6091,2.6256,3.0901
中债国债收益率曲线,2022-09-09,1.4613,1.6574,1.7597,2.1779,2.4184,2.6262,2.635,3.0982
中债国债收益率曲线,2022-09-13,1.4642,1.669,1.7697,2.1897,2.4303,2.6327,2.6427,3.1011
中债国债收益率曲线,2022-09-14,1.4747,1.6918,1.8015,2.2133,2.4499,2.6487,2.6625,3.1089
中债国债收益率曲线,2022-09-15,1.4961,1.7049,1.8058,2.2241,2.4546,2.6527,2.6625,3.106
中债国债收益率曲线,2022-09-16,1.4907,1.7078,1.8298,2.2496,2.4666,2.6647,2.673,3.1059
中债国债收益率曲线,2022-09-19,1.4726,1.7349,1.8506,2.2606,2.459,2.6683,2.675,3.1039
中债国债收益率曲线,2022-09-20,1.4736,1.7448,1.8483,2.2514,2.4415,2.66,2.664,3.101
中债国债收益率曲线,2022-09-21,1.5091,1.7422,1.8282,2.2386,2.4325,2.6412,2.6451,3.089
中债国债收益率曲线,2022-09-22,1.4729,1.7335,1.8232,2.2353,2.4429,2.6372,2.6501,3.0913
中债国债收益率曲线,2022-09-23,1.482,1.7358,1.828,2.2491,2.4688,2.6533,2.6802,3.1008
中债国债收益率曲线,2022-09-26,1.513,1.7485,1.8608,2.2916,2.512,2.6803,2.7154,3.1274
中债国债收益率曲线,2022-09-27,1.5509,1.7592,1.8711,2.2857,2.5026,2.6901,2.7051,3.1202
中债国债收益率曲线,2022-09-28,1.5957,1.832,1.9024,2.308,2.5315,2.735,2.7401,3.1448
中债国债收益率曲线,2022-09-29,1.608,1.8313,1.893,2.3326,2.5616,2.75,2.7501,3.1445
中债国债收益率曲线,2022-09-30,1.6026,1.81,1.8535,2.3341,2.5836,2.7551,2.7601,3.179
中债国债收益率曲线,2022-10-08,1.5463,1.7547,1.8323,2.3404,2.5811,2.7577,2.7626,3.1851
中债国债收益率曲线,2022-10-09,1.4963,1.7409,1.829,2.2832,2.5486,2.7402,2.7452,3.164
中债国债收益率曲线,2022-10-10,1.4919,1.691,1.7908,2.2784,2.5306,2.7304,2.7402,3.1637
中债国债收益率曲线,2022-10-11,1.4679,1.6996,1.7867,2.2959,2.535,2.7329,2.7426,3.1632
中债国债收益率曲线,2022-10-12,1.472,1.7052,1.8067,2.295,2.5219,2.7279,2.7352,3.1607
中债国债收益率曲线,2022-10-13,1.5243,1.6681,1.8051,2.2875,2.5122,2.7202,2.7252,3.1533
中债国债收益率曲线,2022-10-14,1.5142,1.6845,1.7851,2.2598,2.4905,2.6951,2.6977,3.1289
中债国债收益率曲线,2022-10-17,1.5133,1.6752,1.7856,2.2752,2.4931,2.6977,2.7002,3.129
中债国债收益率曲线,2022-10-18,1.5462,1.6847,1.7856,2.2725,2.4911,2.6991,2.7002,3.1314
中债国债收益率曲线,2022-10-19,1.6172,1.7106,1.7806,2.2622,2.4762,2.7027,2.7052,3.1343
中债国债收益率曲线,2022-10-20,1.6265,1.7104,1.7656,2.2676,2.4841,2.7128,2.7175,3.1471
中债国债收益率曲线,2022-10-21,1.6439,1.7356,1.7706,2.2802,2.4918,2.7229,2.7278,3.1555
中债国债收益率曲线,2022-10-24,1.6723,1.7501,1.77,2.2794,2.4852,2.7104,2.7153,3.1416
中债国债收益率曲线,2022-10-25,1.7101,1.7601,1.7945,2.2899,2.5031,2.7206,2.7278,3.1486
中债国债收益率曲线,2022-10-26,1.7184,1.8,1.8005,2.2611,2.4835,2.6979,2.7025,3.1394
中债国债收益率曲线,2022-10-27,1.6998,1.7508,1.7551,2.2573,2.4636,2.6904,2.6953,3.1142
中债国债收益率曲线,2022-10-28,1.6539,1.7299,1.7403,2.2416,2.4337,2.6605,2.6653,3.0776
中债国债收益率曲线,2022-10-31,1.6249,1.6816,1.7305,2.2263,2.4272,2.654,2.6433,3.0653
中债国债收益率曲线,2022-11-01,1.628,1.6918,1.7523,2.2451,2.4476,2.67,2.6629,3.0753
中债国债收益率曲线,2022-11-02,1.6685,1.7111,1.7633,2.265,2.4629,2.695,2.6854,3.0853
中债国债收益率曲线,2022-11-03,1.6761,1.7252,1.753,2.2663,2.4632,2.69,2.6776,3.0854
中债国债收益率曲线,2022-11-04,1.68,1.7403,1.7628,2.2848,2.4887,2.7125,2.7023,3.1029
中债国债收益率曲线,2022-11-07,1.68,1.7454,1.7516,2.2956,2.4945,2.71,2.7003,3.1045
中债国债收益率曲线,2022-11-08,1.6965,1.7628,1.7774,2.3097,2.4841,2.7023,2.6853,3.1006
中债国债收益率曲线,2022-11-09,1.7509,1.7612,1.8156,2.3222,2.4968,2.7074,2.6953,3.1105
中债国债收益率曲线,2022-11-10,1.7713,1.7834,1.8584,2.3229,2.5022,2.71,2.7028,3.1166
中债国债收益率曲线,2022-11-11,1.8104,1.8134,1.9614,2.3641,2.5348,2.7474,2.7354,3.1357
中债国债收益率曲线,2022-11-14,2.0067,2.0329,2.0663,2.4939,2.6474,2.8499,2.8354,3.2207
中债国债收益率曲线,2022-11-15,2.0506,2.0527,2.1342,2.4978,2.6475,2.8398,2.8155,3.2158
中债国债收益率曲线,2022-11-16,2.1722,2.2,2.2014,2.5405,2.6824,2.8598,2.8329,3.2309
中债国债收益率曲线,2022-11-17,2.1699,2.17,2.1715,2.4831,2.6379,2.8149,2.8026,3.2109
中债国债收益率曲线,2022-11-18,2.1,2.1001,2.1718,2.4793,2.6281,2.83,2.825,3.2209
中债国债收益率曲线,2022-11-21,2.0995,2.0996,2.1504,2.4526,2.6195,2.8225,2.818,3.2086
中债国债收益率曲线,2022-11-22,2.0999,2.1,2.1431,2.4253,2.6158,2.83,2.8276,3.2161
中债国债收益率曲线,2022-11-23,2.0701,2.1003,2.1024,2.3857,2.5813,2.7932,2.7975,3.1912
中债国债收益率曲线,2022-11-24,1.9504,2.0268,2.0581,2.3604,2.5723,2.7886,2.795,3.1813
中债国债收益率曲线,2022-11-25,2.0002,2.0422,2.0685,2.4154,2.6144,2.8215,2.83,3.2162
中债国债收益率曲线,2022-11-28,2.0002,2.0422,2.0699,2.4304,2.6541,2.8516,2.86,3.2337
中债国债收益率曲线,2022-11-29,2.0221,2.0641,2.1139,2.4715,2.7047,2.8737,2.88,3.2663
中债国债收益率曲线,2022-11-30,2.0811,2.0941,2.1341,2.4717,2.6945,2.8745,2.885,3.2763
中债国债收益率曲线,2022-12-01,2.081,2.094,2.1456,2.4517,2.6749,2.8558,2.86,3.2615
中债国债收益率曲线,2022-12-02,2.0627,2.141,2.1554,2.4473,2.6702,2.855,2.8676,3.263
中债国债收益率曲线,2022-12-05,2.0539,2.1317,2.1462,2.4533,2.6866,2.8652,2.8902,3.2716
中债国债收益率曲线,2022-12-06,2.0551,2.1506,2.1566,2.483,2.7325,2.8882,2.9152,3.2865
中债国债收益率曲线,2022-12-07,2.0917,2.1665,2.2495,2.4833,2.7061,2.8494,2.8702,3.2719
中债国债收益率曲线,2022-12-08,2.0716,2.1583,2.2457,2.4936,2.6952,2.8563,2.8853,3.2755
中债国债收益率曲线,2022-12-09,2.0505,2.1735,2.2869,2.5033,2.7344,2.8654,2.8903,3.2843
中债国债收益率曲线,2022-12-12,2.0605,2.184,2.3019,2.5349,2.7414,2.8738,2.8902,3.2844
中债国债收益率曲线,2022-12-13,2.1005,2.2321,2.3369,2.5797,2.7595,2.8768,2.8952,3.2896
中债国债收益率曲线,2022-12-14,2.0901,2.2029,2.3019,2.5252,2.6968,2.8347,2.8655,3.2621
中债国债收益率曲线,2022-12-15,2.1,2.1523,2.3169,2.52,2.7057,2.8522,2.8829,3.277
中债国债收益率曲线,2022-12-16,2.1057,2.1871,2.3169,2.531,2.7052,2.8528,2.8856,3.2697
中债国债收益率曲线,2022-12-19,2.15,2.1507,2.2969,2.5018,2.6705,2.8254,2.8632,3.2525
中债国债收益率曲线,2022-12-20,2.1602,2.1763,2.2969,2.5074,2.6757,2.8331,2.8732,3.2474
中债国债收益率曲线,2022-12-21,2.22,2.2213,2.2919,2.4917,2.6612,2.8256,2.8606,3.2375
中债国债收益率曲线,2022-12-22,2.2123,2.2156,2.2669,2.4773,2.6416,2.8255,2.8503,3.23
中债国债收益率曲线,2022-12-23,2.1203,2.1673,2.2269,2.4608,2.6062,2.8152,2.8251,3.2152
中债国债收益率曲线,2022-12-26,2.1216,2.1962,2.2469,2.4684,2.6276,2.8205,2.8378,3.2202
中债国债收益率曲线,2022-12-27,2.1412,2.1887,2.2469,2.4663,2.6703,2.8312,2.8657,3.2175
中债国债收益率曲线,2022-12-28,2.1501,2.2087,2.2369,2.4712,2.6704,2.8317,2.8503,3.2127
中债国债收益率曲线,2022-12-29,2.1128,2.1387,2.1669,2.4165,2.6382,2.8207,2.8376,3.1926
中债国债收益率曲线,2022-12-30,2.0519,2.0697,2.0969,2.404,2.6446,2.8182,2.8353,3.1952
中债国债收益率曲线,2022-12-31,2.0519,2.0697,2.0969,2.404,2.6446,2.8182,2.8353,3.1952
中债国债收益率曲线,2023-01-03,1.9162,2.0658,2.112,2.4096,2.6298,2.8107,2.8228,3.193
中债国债收益率曲线,2023-01-04,1.8252,2.0254,2.067,2.3964,2.6071,2.7958,2.8103,3.1931
中债国债收益率曲线,2023-01-05,1.8053,2.0098,2.082,2.4111,2.625,2.8112,2.8304,3.2056
中债国债收益率曲线,2023-01-06,1.8022,2.0489,2.097,2.4419,2.6495,2.8208,2.8328,3.2106
中债国债收益率曲线,2023-01-09,1.839,2.0377,2.0996,2.4627,2.6649,2.8332,2.8428,3.2156
中债国债收益率曲线,2023-01-10,1.8727,2.0662,2.122,2.5036,2.7104,2.86,2.8602,3.2331
中债国债收益率曲线,2023-01-11,1.8417,2.0689,2.127,2.5131,2.6989,2.8507,2.8603,3.2331
中债国债收益率曲线,2023-01-12,1.8145,2.0263,2.097,2.5029,2.6974,2.8567,2.8778,3.2378
中债国债收益率曲线,2023-01-13,1.8088,2.0225,2.097,2.5188,2.7096,2.8677,2.901,3.2476
中债国债收益率曲线,2023-01-16,1.8477,2.0342,2.127,2.5552,2.7571,2.8784,2.9167,3.2677
中债国债收益率曲线,2023-01-17,1.8514,2.058,2.127,2.5461,2.7346,2.8635,2.9017,3.2531
中债国债收益率曲线,2023-01-18,1.9514,2.118,2.1615,2.5486,2.7257,2.8745,2.9222,3.2754
中债国债收益率曲线,2023-01-19,1.969,2.1399,2.1677,2.5418,2.721,2.8694,2.9145,3.273
中债国债收益率曲线,2023-01-20,1.9173,2.0799,2.1648,2.5379,2.7288,2.8756,2.9331,3.2779
中债国债收益率曲线,2023-01-28,1.8701,2.0257,2.1496,2.5465,2.7283,2.8723,2.9341,3.283
中债国债收益率曲线,2023-01-29,1.8545,2.0247,2.1519,2.5307,2.7225,2.8595,2.9219,3.2805
中债国债收益率曲线,2023-01-30,1.8258,1.9797,2.176,2.5405,2.7238,2.8615,2.9133,3.2782
中债国债收益率曲线,2023-01-31,1.7856,1.9713,2.1535,2.529,2.7039,2.8511,2.8977,3.2793
中债国债收益率曲线,2023-02-01,1.8148,2.0212,2.1631,2.5388,2.7091,2.8638,2.9101,3.2889
中债国债收益率曲线,2023-02-02,1.8219,2.0221,2.1507,2.5151,2.6945,2.858,2.897,3.2853
中债国债收益率曲线,2023-02-03,1.8507,2.0121,2.1504,2.5244,2.6921,2.8582,2.8943,3.283
中债国债收益率曲线,2023-02-06,1.8741,2.02,2.1581,2.5311,2.7054,2.8682,2.9017,3.2879
中债国债收益率曲线,2023-02-07,1.9052,2.0253,2.163,2.54,2.6983,2.8671,2.8964,3.2827
中债国债收益率曲线,2023-02-08,2.0045,2.0553,2.1617,2.5443,2.703,2.8716,2.8973,3.2808
中债国债收益率曲线,2023-02-09,2.006,2.0614,2.1673,2.5322,2.6959,2.8666,2.8912,3.2784
中债国债收益率曲线,2023-02-10,1.985,2.0657,2.1682,2.5383,2.6961,2.8744,2.9003,3.2857
中债国债收益率曲线,2023-02-13,1.985,2.0658,2.1734,2.5426,2.6967,2.8694,2.8943,3.2829
中债国债收益率曲线,2023-02-14,1.9816,2.0628,2.1781,2.5374,2.695,2.8648,2.8914,3.281
中债国债收益率曲线,2023-02-15,2.0306,2.0688,2.1792,2.5431,2.6945,2.8607,2.8918,3.2816
中债国债收益率曲线,2023-02-16,2.031,2.069,2.1916,2.5429,2.6921,2.858,2.8907,3.283
中债国债收益率曲线,2023-02-17,2.0429,2.1169,2.1973,2.5329,2.6976,2.8587,2.892,3.283
中债国债收益率曲线,2023-02-20,2.0719,2.1544,2.2395,2.5511,2.7392,2.8796,2.917,3.2977
中债国债收益率曲线,2023-02-21,2.1013,2.1923,2.2422,2.5614,2.739,2.88,2.919,3.3025
中债国债收益率曲线,2023-02-22,2.1008,2.1691,2.24,2.5568,2.7342,2.8735,2.9175,3.3025
中债国债收益率曲线,2023-02-23,2.1041,2.2,2.2603,2.5619,2.7446,2.8785,2.922,3.3053
中债国债收益率曲线,2023-02-24,2.058,2.2,2.2948,2.5647,2.7395,2.8712,2.9126,3.3016
中债国债收益率曲线,2023-02-27,2.0567,2.2014,2.3165,2.573,2.7398,2.873,2.9117,3.3051
中债国债收益率曲线,2023-02-28,2.0605,2.2101,2.3291,2.5734,2.7374,2.8673,2.9017,3.3029
中债国债收益率曲线,2023-03-01,2.0618,2.18,2.3197,2.5692,2.7354,2.8667,2.8977,3.3049
中债国债收益率曲线,2023-03-02,2.0502,2.1842,2.3247,2.5691,2.7513,2.8753,2.9111,3.31
中债国债收益率曲线,2023-03-03,2.0708,2.213,2.323,2.5672,2.7387,2.8719,2.9026,3.3079
中债国债收益率曲线,2023-03-06,2.0522,2.1948,2.2955,2.5506,2.7114,2.8521,2.8826,3.2897
中债国债收益率曲线,2023-03-07,2.0423,2.1859,2.288,2.5464,2.7014,2.8463,2.8726,3.286
中债国债收益率曲线,2023-03-08,2.0403,2.1926,2.273,2.5412,2.7123,2.8482,2.8828,3.2907
中债国债收益率曲线,2023-03-09,2.0563,2.1934,2.273,2.5311,2.7027,2.8428,2.8752,3.2854
中债国债收益率曲线,2023-03-10,2.061,2.1921,2.263,2.5239,2.6955,2.8365,2.8627,3.2735
中债国债收益率曲线,2023-03-13,2.0622,2.194,2.263,2.5324,2.7047,2.8402,2.8703,3.2764
中债国债收益率曲线,2023-03-14,2.0725,2.1955,2.269,2.5277,2.6968,2.8373,2.8652,3.271
中债国债收益率曲线,2023-03-15,2.1352,2.1954,2.279,2.5328,2.6987,2.8393,2.8652,3.2724
中债国债收益率曲线,2023-03-16,2.1201,2.184,2.249,2.5235,2.6839,2.8294,2.8552,3.2517
中债国债收益率曲线,2023-03-17,2.1005,2.1845,2.249,2.5236,2.6865,2.8294,2.8602,3.2381
中债国债收益率曲线,2023-03-20,2.0524,2.1546,2.234,2.5025,2.6576,2.8219,2.8504,3.2237
中债国债收益率曲线,2023-03-21,2.1017,2.1909,2.249,2.5153,2.6801,2.8244,2.8604,3.227
中债国债收益率曲线,2023-03-22,2.1002,2.1938,2.2728,2.5209,2.6882,2.8344,2.8577,3.2276
中债国债收益率曲线,2023-03-23,2.0804,2.1898,2.2678,2.521,2.694,2.8444,2.8652,3.2366
中债国债收益率曲线,2023-03-24,2.0707,2.2018,2.2928,2.5377,2.7066,2.8544,2.8676,3.2419
中债国债收益率曲线,2023-03-27,2.0625,2.1978,2.2728,2.5279,2.6922,2.8469,2.8551,3.2319
中债国债收益率曲线,2023-03-28,2.0818,2.188,2.2778,2.5302,2.7003,2.8494,2.8556,3.2319
中债国债收益率曲线,2023-03-29,2.0702,2.1819,2.2753,2.5227,2.6954,2.8357,2.8532,3.2286
中债国债收益率曲线,2023-03-30,2.0408,2.2029,2.2728,2.5258,2.7007,2.8378,2.8603,3.2295
中债国债收益率曲线,2023-03-31,1.9006,2.1097,2.2328,2.5089,2.6837,2.8304,2.8528,3.2332
中债国债收益率曲线,2023-04-03,1.8824,2.1002,2.2328,2.5118,2.6949,2.8356,2.8604,3.2407
中债国债收益率曲线,2023-04-04,1.8739,2.0615,2.2303,2.5118,2.6979,2.8356,2.8584,3.2421
中债国债收益率曲线,2023-04-06,1.8701,2.0603,2.2278,2.5146,2.7028,2.8339,2.8605,3.2463
中债国债收益率曲线,2023-04-07,1.8548,2.0527,2.2278,2.5095,2.688,2.8258,2.8464,3.236
中债国债收益率曲线,2023-04-10,1.8728,2.0613,2.2228,2.5047,2.6918,2.8235,2.8455,3.2347
中债国债收益率曲线,2023-04-11,1.8783,2.0629,2.2128,2.4936,2.6793,2.8057,2.8203,3.2173
中债国债收益率曲线,2023-04-12,1.9283,2.0465,2.2091,2.4866,2.669,2.7936,2.8158,3.1977
中债国债收益率曲线,2023-04-13,1.9583,2.045,2.2066,2.4895,2.6793,2.8014,2.8277,3.2031
中债国债收益率曲线,2023-04-14,2.0,2.0243,2.2091,2.4922,2.6826,2.8039,2.8281,3.2032
中债国债收益率曲线,2023-04-17,1.9987,2.0426,2.2141,2.5041,2.6946,2.8191,2.8432,3.2136
中债国债收益率曲线,2023-04-18,1.9919,2.0235,2.2016,2.4997,2.6852,2.8105,2.8319,3.2056
中债国债收益率曲线,2023-04-19,2.001,2.022,2.1891,2.4881,2.6735,2.8069,2.8333,3.1875
中债国债收益率曲线,2023-04-20,2.0114,2.0277,2.1905,2.4915,2.671,2.8046,2.8332,3.1775
中债国债收益率曲线,2023-04-21,2.0217,2.0327,2.1894,2.492,2.669,2.8,2.8258,3.1726
中债国债收益率曲线,2023-04-23,2.0247,2.0359,2.1906,2.4914,2.6682,2.797,2.822,3.1715
中债国债收益率曲线,2023-04-24,2.0047,2.0223,2.1855,2.4894,2.6632,2.7968,2.8176,3.1608
中债国债收益率曲线,2023-04-25,2.0027,2.0116,2.1754,2.4887,2.6599,2.7944,2.8157,3.1584
中债国债收益率曲线,2023-04-26,2.0132,2.0516,2.1727,2.4782,2.6375,2.7799,2.8058,3.1574
中债国债收益率曲线,2023-04-27,1.9833,2.0221,2.156,2.4527,2.6152,2.753,2.7852,3.1379
中债国债收益率曲线,2023-04-28,1.9541,2.0221,2.1464,2.4501,2.613,2.7452,2.7788,3.1355
中债国债收益率曲线,2023-05-04,1.9801,2.0432,2.1362,2.4366,2.5968,2.7309,2.7613,3.1182
中债国债收益率曲线,2023-05-05,1.9512,2.041,2.1266,2.4083,2.5645,2.7035,2.7338,3.0831
中债国债收益率曲线,2023-05-06,1.9795,2.0401,2.1215,2.4084,2.5635,2.7056,2.7311,3.0882
中债国债收益率曲线,2023-05-08,1.9734,2.0422,2.1323,2.4203,2.5854,2.7276,2.7484,3.1058
中债国债收益率曲线,2023-05-09,1.9544,2.0395,2.1203,2.416,2.578,2.719,2.7383,3.0998
中债国债收益率曲线,2023-05-10,1.9447,2.0399,2.0883,2.3882,2.5482,2.6981,2.721,3.0849
中债国债收益率曲线,2023-05-11,1.9049,2.0,2.0353,2.3551,2.5211,2.6781,2.701,3.0672
中债国债收益率曲线,2023-05-12,1.8911,2.0038,2.0441,2.3523,2.5164,2.6876,2.7058,3.0608
中债国债收益率曲线,2023-05-15,1.8918,2.0168,2.0602,2.3761,2.5395,2.6981,2.719,3.0649
中债国债收益率曲线,2023-05-16,1.8967,2.0091,2.0653,2.3776,2.5371,2.6952,2.7129,3.066
中债国债收益率曲线,2023-05-17,1.9312,2.0075,2.078,2.3654,2.5533,2.7007,2.721,3.081
中债国债收益率曲线,2023-05-18,1.9324,2.0186,2.0729,2.3757,2.5454,2.7004,2.7184,3.081
中债国债收益率曲线,2023-05-19,1.9003,1.9893,2.0554,2.3583,2.5204,2.6934,2.7151,3.0773
中债国债收益率曲线,2023-05-22,1.8425,1.945,2.0218,2.3267,2.4888,2.6891,2.7132,3.0762
中债国债收益率曲线,2023-05-23,1.745,1.8689,1.9909,2.3069,2.4665,2.6717,2.6962,3.0687
中债国债收益率曲线,2023-05-24,1.7304,1.8734,1.9893,2.3153,2.4794,2.6793,2.7037,3.0723
中债国债收益率曲线,2023-05-25,1.7204,1.8792,1.979,2.3175,2.4795,2.6777,2.7065,3.0773
中债国债收益率曲线,2023-05-26,1.7205,1.8772,2.0188,2.3203,2.5007,2.693,2.7205,3.0913
中债国债收益率曲线,2023-05-29,1.7175,1.8814,1.9979,2.2985,2.4871,2.6824,2.695,3.0839
中债国债收益率曲线,2023-05-30,1.7034,1.8807,1.9835,2.2889,2.488,2.6874,2.7,3.0839
中债国债收益率曲线,2023-05-31,1.7101,1.8541,1.9829,2.251,2.4558,2.6641,2.685,3.0733
中债国债收益率曲线,2023-06-01,1.7113,1.8499,1.9721,2.2363,2.4256,2.649,2.6825,3.0694
中债国债收益率曲线,2023-06-02,1.7056,1.849,1.9731,2.2646,2.4532,2.6637,2.6951,3.0784
中债国债收益率曲线,2023-06-05,1.7028,1.8244,1.939,2.2537,2.4549,2.6617,2.6926,3.079
中债国债收益率曲线,2023-06-06,1.6736,1.8124,1.9177,2.2348,2.438,2.6516,2.6826,3.0716
中债国债收益率曲线,2023-06-07,1.6555,1.8074,1.8955,2.227,2.4413,2.6496,2.6827,3.0645
中债国债收益率曲线,2023-06-08,1.6561,1.8155,1.8887,2.242,2.4522,2.6496,2.6822,3.0651
中债国债收益率曲线,2023-06-09,1.6513,1.7841,1.8636,2.2213,2.434,2.629,2.6703,3.044
中债国债收益率曲线,2023-06-12,1.6652,1.7884,1.8663,2.2421,2.4361,2.6293,2.6704,3.0391
中债国债收益率曲线,2023-06-13,1.6648,1.7831,1.8514,2.224,2.4031,2.5921,2.6227,3.0064
中债国债收益率曲线,2023-06-14,1.6502,1.7581,1.8365,2.224,2.398,2.5852,2.6178,2.9963
中债国债收益率曲线,2023-06-15,1.6834,1.784,1.8616,2.247,2.4366,2.6235,2.6482,3.0267
中债国债收益率曲线,2023-06-16,1.6949,1.8041,1.8817,2.2687,2.4543,2.6445,2.6626,3.0419
中债国债收益率曲线,2023-06-19,1.7019,1.8322,1.9018,2.3207,2.5027,2.6776,2.6876,3.0619
中债国债收益率曲线,2023-06-20,1.6933,1.8573,1.9118,2.3006,2.4811,2.6671,2.6751,3.0444
中债国债收益率曲线,2023-06-21,1.7005,1.8635,1.9161,2.2799,2.4744,2.6613,2.6701,3.042
中债国债收益率曲线,2023-06-25,1.6918,1.8572,1.912,2.2634,2.4592,2.6437,2.6576,3.028
中债国债收益率曲线,2023-06-26,1.691,1.8687,1.912,2.2824,2.4723,2.6516,2.6677,3.0346
中债国债收益率曲线,2023-06-27,1.678,1.9023,1.952,2.2923,2.4773,2.6591,2.6676,3.0295
中债国债收益率曲线,2023-06-28,1.6841,1.8781,1.942,2.2709,2.466,2.6575,2.6651,3.0271
中债国债收益率曲线,2023-06-29,1.661,1.8691,1.932,2.2565,2.457,2.6525,2.6526,3.0171
中债国债收益率曲线,2023-06-30,1.6535,1.7704,1.8723,2.2253,2.4247,2.6276,2.6351,3.0072
中债国债收益率曲线,2023-07-03,1.626,1.7546,1.8425,2.2324,2.4333,2.6327,2.6402,3.0133
中债国债收益率曲线,2023-07-04,1.6258,1.7478,1.8326,2.246,2.4436,2.6426,2.6477,3.0225
中债国债收益率曲线,2023-07-05,1.6355,1.7339,1.8227,2.241,2.4333,2.6303,2.6402,3.0176
中债国债收益率曲线,2023-07-06,1.6754,1.7061,1.8227,2.2423,2.4335,2.6283,2.6392,3.018
中债国债收益率曲线,2023-07-07,1.6542,1.6976,1.8279,2.2411,2.4295,2.6231,2.6403,3.013
中债国债收益率曲线,2023-07-10,1.654,1.696,1.8279,2.2471,2.4395,2.6232,2.6403,3.0091
中债国债收益率曲线,2023-07-11,1.6459,1.6627,1.8231,2.2467,2.4343,2.6183,2.6353,3.0011
中债国债收益率曲线,2023-07-12,1.6531,1.7304,1.8183,2.2505,2.4369,2.6208,2.6378,3.0011
中债国债收益率曲线,2023-07-13,1.6455,1.774,1.8384,2.2563,2.4502,2.6258,2.6413,3.0084
中债国债收益率曲线,2023-07-14,1.6619,1.7926,1.8385,2.2488,2.4512,2.626,2.6444,3.0144
中债国债收益率曲线,2023-07-17,1.6557,1.7793,1.7635,2.2328,2.4348,2.621,2.6364,3.0085
中债国债收益率曲线,2023-07-18,1.6275,1.7793,1.7635,2.2222,2.4248,2.6085,2.6234,2.9965
中债国债收益率曲线,2023-07-19,1.628,1.8397,1.7535,2.2199,2.409,2.6099,2.6233,2.9987
中债国债收益率曲线,2023-07-20,1.6126,1.8195,1.7485,2.2169,2.4043,2.6052,2.6214,2.9967
中债国债收益率曲线,2023-07-21,1.6034,1.8142,1.7385,2.2063,2.392,2.5912,2.6079,2.9828
中债国债收益率曲线,2023-07-24,1.6161,1.8082,1.7335,2.2054,2.3873,2.581,2.5934,2.9588
中债国债收益率曲线,2023-07-25,1.6735,1.8478,1.7782,2.2697,2.4627,2.6441,2.663,3.0156
中债国债收益率曲线,2023-07-26,1.6506,1.8956,1.7882,2.2477,2.4328,2.6242,2.643,3.0003
中债国债收益率曲线,2023-07-27,1.6007,1.855,1.8182,2.2327,2.4232,2.6143,2.6395,2.9948
中债国债收益率曲线,2023-07-28,1.6051,1.8449,1.8181,2.2448,2.441,2.6275,2.6533,3.0061
中债国债收益率曲线,2023-07-31,1.601,1.7863,1.8102,2.2566,2.4544,2.6373,2.6597,3.0103
中债国债收益率曲线,2023-08-01,1.5841,1.7843,1.7751,2.2533,2.4599,2.6393,2.6607,3.0119
中债国债收益率曲线,2023-08-02,1.5607,1.7732,1.7663,2.2493,2.4526,2.6304,2.6525,2.9989
中债国债收益率曲线,2023-08-03,1.5514,1.7657,1.7421,2.2265,2.4254,2.6202,2.6435,2.9927
中债国债收益率曲线,2023-08-04,1.5472,1.7656,1.7511,2.2376,2.428,2.6206,2.6469,2.9927
中债国债收益率曲线,2023-08-07,1.537,1.7586,1.7599,2.2512,2.4259,2.6149,2.6462,2.9904
中债国债收益率曲线,2023-08-08,1.5644,1.7602,1.7796,2.2495,2.4211,2.6096,2.6454,2.9879
中债国债收益率曲线,2023-08-09,1.5451,1.8194,1.8093,2.256,2.4237,2.6142,2.6461,2.9896
中债国债收益率曲线,2023-08-10,1.5444,1.8293,1.8265,2.2623,2.429,2.6202,2.6475,2.992
中债国债收益率曲线,2023-08-11,1.5319,1.8186,1.8305,2.2573,2.4216,2.609,2.6381,2.985
中债国债收益率曲线,2023-08-14,1.5257,1.7972,1.8156,2.2416,2.4048,2.5922,2.6212,2.971
中债国债收益率曲线,2023-08-15,1.5027,1.7961,1.8245,2.2247,2.3772,2.5577,2.5759,2.9342
中债国债收益率曲线,2023-08-16,1.565,1.7953,1.8375,2.2108,2.365,2.5498,2.5649,2.9259
中债国债收益率曲线,2023-08-17,1.619,1.7955,1.8397,2.2081,2.3703,2.5533,2.5678,2.9285
中债国债收益率曲线,2023-08-18,1.6119,1.8142,1.8323,2.1984,2.3657,2.5454,2.5639,2.9225
中债国债收益率曲线,2023-08-21,1.6061,1.8344,1.8705,2.1942,2.3456,2.5156,2.5403,2.8894
中债国债收益率曲线,2023-08-22,1.6066,1.8236,1.899,2.207,2.3636,2.5317,2.5564,2.8938
中债国债收益率曲线,2023-08-23,1.5907,1.83,1.8964,2.2047,2.3665,2.5271,2.5535,2.8834
中债国债收益率曲线,2023-08-24,1.5715,1.8231,1.8772,2.2025,2.3653,2.5315,2.5543,2.8812
中债国债收益率曲线,2023-08-25,1.5725,1.8355,1.8951,2.2226,2.3877,2.5488,2.5702,2.8877
中债国债收益率曲线,2023-08-28,1.6416,1.9124,1.9245,2.2483,2.4075,2.5638,2.5837,2.8955
中债国债收益率曲线,2023-08-29,1.7053,1.996,1.9902,2.2634,2.4203,2.57,2.57,2.9006
中债国债收益率曲线,2023-08-30,1.7102,1.9799,1.9392,2.2288,2.3989,2.56,2.56,2.9026
中债国债收益率曲线,2023-08-31,1.7009,1.91,1.9051,2.2215,2.3996,2.5575,2.5575,2.9027
中债国债收益率曲线,2023-09-01,1.6514,1.9596,1.9578,2.244,2.4382,2.5949,2.585,2.928
中债国债收益率曲线,2023-09-04,1.6526,1.9795,1.9822,2.2752,2.4691,2.6249,2.6124,2.9611
中债国债收益率曲线,2023-09-05,1.6186,1.9587,1.9929,2.2704,2.4697,2.6224,2.615,2.9666
中债国债收益率曲线,2023-09-06,1.6009,2.0097,2.0801,2.3205,2.5039,2.6499,2.6375,2.9869
中债国债收益率曲线,2023-09-07,1.6508,2.0596,2.0874,2.3254,2.4986,2.6498,2.635,2.9834
中债国债收益率曲线,2023-09-08,1.6601,2.0695,2.0952,2.3337,2.493,2.6474,2.6375,2.9849
中债国债收益率曲线,2023-09-11,1.7451,2.1011,2.1352,2.3455,2.493,2.6448,2.63,2.983
中债国债收益率曲线,2023-09-12,1.7651,2.0935,2.1252,2.3423,2.4808,2.6408,2.623,2.9824
中债国债收益率曲线,2023-09-13,1.8029,2.0819,2.1027,2.323,2.4685,2.6249,2.615,2.9732
中债国债收益率曲线,2023-09-14,1.8015,2.09,2.1027,2.3421,2.462,2.6174,2.6075,2.9545
中债国债收益率曲线,2023-09-15,1.8023,2.0969,2.1327,2.349,2.4939,2.6474,2.64,2.984
中债国债收益率曲线,2023-09-18,1.806,2.1167,2.1727,2.3854,2.5126,2.6499,2.65,2.9841
中债国债收益率曲线,2023-09-19,1.8171,2.1219,2.1877,2.3882,2.5234,2.6625,2.6625,2.9895
中债国债收益率曲线,2023-09-20,1.8507,2.143,2.2077,2.3871,2.5211,2.6675,2.665,2.9919
中债国债收益率曲线,2023-09-21,1.8613,2.131,2.1877,2.3696,2.5092,2.655,2.6576,2.984
中债国债收益率曲线,2023-09-22,1.8529,2.1686,2.1977,2.3907,2.5296,2.68,2.6776,2.9971
中债国债收益率曲线,2023-09-25,1.9096,2.1755,2.2127,2.4002,2.5511,2.7,2.6976,3.0119
中债国债收益率曲线,2023-09-26,2.0584,2.2665,2.2327,2.4152,2.5491,2.7,2.6951,3.0068
中债国债收益率曲线,2023-09-27,2.1032,2.2889,2.2077,2.4059,2.5354,2.6975,2.6877,3.007
中债国债收益率曲线,2023-09-28,2.0009,2.1998,2.1677,2.3713,2.5256,2.6775,2.6751,3.0022
中债国债收益率曲线,2023-10-07,1.8109,2.0903,2.1477,2.3702,2.5175,2.6603,2.6651,2.9926
中债国债收益率曲线,2023-10-08,1.7658,2.065,2.1377,2.3677,2.5178,2.6602,2.6626,2.9948
中债国债收益率曲线,2023-10-09,1.782,2.1099,2.1577,2.3968,2.5352,2.6607,2.6702,2.999
中债国债收益率曲线,2023-10-10,1.8133,2.16,2.1977,2.4389,2.555,2.6825,2.6811,3.0019
中债国债收益率曲线,2023-10-11,1.8633,2.1936,2.2377,2.4901,2.5899,2.705,2.6976,3.0153
中债国债收益率曲线,2023-10-12,1.8657,2.1842,2.1977,2.4687,2.5803,2.7,2.6911,3.0139
中债国债收益率曲线,2023-10-13,1.8957,2.1792,2.1777,2.451,2.5528,2.6825,2.6702,2.9952
中债国债收益率曲线,2023-10-16,1.9357,2.189,2.1877,2.4758,2.5629,2.6973,2.6777,2.9997
中债国债收益率曲线,2023-10-17,1.9852,2.1986,2.2227,2.487,2.573,2.7025,2.6882,3.0021
中债国债收益率曲线,2023-10-18,2.0402,2.2278,2.2457,2.5117,2.6029,2.715,2.7052,3.0021
中债国债收益率曲线,2023-10-19,2.1302,2.2689,2.2907,2.5348,2.6205,2.7275,2.7177,3.0077
中债国债收益率曲线,2023-10-20,2.1802,2.2888,2.3107,2.501,2.5982,2.715,2.7052,2.9962
中债国债收益率曲线,2023-10-23,2.1802,2.2688,2.3007,2.4895,2.5887,2.7125,2.7047,2.9903
中债国债收益率曲线,2023-10-24,2.2052,2.2973,2.3257,2.495,2.5862,2.725,2.7177,2.9978
中债国债收益率曲线,2023-10-25,2.3048,2.3597,2.2838,2.4484,2.5515,2.7075,2.7052,3.0004
中债国债收益率曲线,2023-10-26,2.3045,2.3794,2.2838,2.4646,2.5667,2.7175,2.7152,3.0054
中债国债收益率曲线,2023-10-27,2.3027,2.3789,2.2807,2.448,2.5518,2.7103,2.7133,3.0104
中债国债收益率曲线,2023-10-30,2.2905,2.358,2.2251,2.4337,2.5526,2.7105,2.7141,3.0106
中债国债收益率曲线,2023-10-31,2.2929,2.3578,2.2051,2.4301,2.5325,2.6878,2.6938,2.9956
中债国债收益率曲线,2023-11-01,2.3114,2.3846,2.2501,2.4376,2.5299,2.6815,2.6853,2.9911
中债国债收益率曲线,2023-11-02,2.2867,2.3392,2.2151,2.4077,2.4975,2.655,2.6553,2.9666
中债国债收益率曲线,2023-11-03,2.2785,2.3289,2.2202,2.4225,2.5177,2.6635,2.6613,2.9727
中债国债收益率曲线,2023-11-06,2.2798,2.3277,2.2303,2.4249,2.5181,2.66,2.6554,2.9683
中债国债收益率曲线,2023-11-07,2.2904,2.3476,2.2505,2.4454,2.5329,2.6699,2.6632,2.9718
中债国债收益率曲线,2023-11-08,2.3189,2.3583,2.2479,2.4385,2.5211,2.6529,2.6464,2.9583
中债国债收益率曲线,2023-11-09,2.316,2.3572,2.2406,2.4474,2.5204,2.655,2.6494,2.9584
中债国债收益率曲线,2023-11-10,2.3276,2.3668,2.2306,2.4365,2.5029,2.6475,2.6444,2.9459
中债国债收益率曲线,2023-11-13,2.3116,2.3554,2.2059,2.4237,2.4909,2.646,2.6454,2.9385
中债国债收益率曲线,2023-11-14,2.3167,2.3498,2.1713,2.4263,2.5039,2.6575,2.6573,2.9439
中债国债收益率曲线,2023-11-15,2.3194,2.3646,2.1613,2.4063,2.5021,2.6613,2.6633,2.9485
中债国债收益率曲线,2023-11-16,2.3141,2.3645,2.1415,2.3938,2.5027,2.6517,2.6558,2.944
中债国债收益率曲线,2023-11-17,2.3118,2.3592,2.1221,2.3852,2.5058,2.647,2.6524,2.9336
中债国债收益率曲线,2023-11-20,2.3075,2.3633,2.1477,2.403,2.5243,2.6539,2.6584,2.9321
中债国债收益率曲线,2023-11-21,2.319,2.378,2.2024,2.4331,2.545,2.6614,2.6684,2.9388
中债国债收益率曲线,2023-11-22,2.3756,2.4049,2.3112,2.4559,2.5661,2.6783,2.6823,2.9538
中债国债收益率曲线,2023-11-23,2.3605,2.4196,2.3264,2.4861,2.5837,2.6987,2.7023,2.9704
中债国债收益率曲线,2023-11-24,2.3607,2.4196,2.3317,2.4911,2.5961,2.703,2.7053,2.9684
中债国债收益率曲线,2023-11-27,2.3715,2.439,2.3889,2.5037,2.6012,2.7093,2.7108,2.9745
中债国债收益率曲线,2023-11-28,2.3767,2.4392,2.3564,2.4817,2.5762,2.6834,2.6898,2.954
中债国债收益率曲线,2023-11-29,2.455,2.4375,2.3566,2.4842,2.584,2.6792,2.6826,2.9525
中债国债收益率曲线,2023-11-30,2.3874,2.3606,2.3367,2.4721,2.5691,2.6664,2.668,2.9405
中债国债收益率曲线,2023-12-01,2.3941,2.3704,2.3439,2.4725,2.5665,2.6588,2.6625,2.9445
中债国债收益率曲线,2023-12-04,2.4115,2.433,2.3769,2.4947,2.592,2.675,2.6725,2.9537
中债国债收益率曲线,2023-12-05,2.4111,2.448,2.3817,2.4924,2.5843,2.665,2.665,2.9487
中债国债收益率曲线,2023-12-06,2.4762,2.4898,2.3971,2.5102,2.5952,2.6705,2.6725,2.9517
中债国债收益率曲线,2023-12-07,2.4413,2.4698,2.3816,2.4773,2.5644,2.6576,2.664,2.9457
中债国债收益率曲线,2023-12-08,2.419,2.4593,2.3791,2.4724,2.557,2.6575,2.6636,2.9428
中债国债收益率曲线,2023-12-11,2.4196,2.4543,2.3816,2.4649,2.5427,2.6353,2.644,2.9288
中债国债收益率曲线,2023-12-12,2.4238,2.459,2.3826,2.4622,2.5342,2.6335,2.6375,2.9293
中债国债收益率曲线,2023-12-13,2.405,2.4041,2.3526,2.4279,2.5136,2.6106,2.6226,2.9148
中债国债收益率曲线,2023-12-14,2.3601,2.379,2.3351,2.4188,2.5188,2.6217,2.6376,2.9219
中债国债收益率曲线,2023-12-15,2.3041,2.3293,2.3076,2.3915,2.4916,2.6032,2.6227,2.9039
中债国债收益率曲线,2023-12-18,2.2998,2.2883,2.2951,2.3901,2.4867,2.6002,2.6126,2.8869
中债国债收益率曲线,2023-12-19,2.2653,2.2814,2.3001,2.4148,2.5088,2.6052,2.6191,2.892
中债国债收益率曲线,2023-12-20,2.2418,2.2845,2.3051,2.4142,2.5197,2.6068,2.6222,2.8849
中债国债收益率曲线,2023-12-21,2.22,2.27,2.2801,2.3948,2.4783,2.5753,2.5901,2.8492
中债国债收益率曲线,2023-12-22,2.2206,2.2415,2.2526,2.3726,2.4562,2.5698,2.5877,2.8341
中债国债收益率曲线,2023-12-25,2.1506,2.2269,2.2246,2.335,2.4172,2.5453,2.5678,2.8077
中债国债收益率曲线,2023-12-26,2.1181,2.16,2.2046,2.2945,2.4123,2.5503,2.5804,2.8267
中债国债收益率曲线,2023-12-27,1.9545,2.1,2.1546,2.2597,2.3836,2.5401,2.5577,2.8167
中债国债收益率曲线,2023-12-28,1.9007,2.06,2.1196,2.2876,2.4081,2.5427,2.5694,2.8288
中债国债收益率曲线,2023-12-29,1.8017,2.06,2.0796,2.2894,2.4001,2.5328,2.5553,2.8269
中债国债收益率曲线,2023-12-31,1.8017,2.06,2.0796,2.2894,2.4001,2.5328,2.5553,2.8269
中债国债收益率曲线,2024-01-02,1.8057,2.082,2.1166,2.342,2.4374,2.56,2.5601,2.8422
中债国债收益率曲线,2024-01-03,1.8091,2.0998,2.1416,2.3381,2.4212,2.5452,2.5531,2.8402
中债国债收益率曲线,2024-01-04,1.8406,2.1212,2.1541,2.3269,2.4089,2.535,2.5368,2.817
中债国债收益率曲线,2024-01-05,1.8025,2.0815,2.1091,2.2931,2.3903,2.5175,2.5175,2.8043
中债国债收益率曲线,2024-01-08,1.8125,2.0682,2.1191,2.3083,2.408,2.5175,2.5136,2.802
中债国债收益率曲线,2024-01-09,1.8208,2.0891,2.0991,2.2909,2.3905,2.495,2.4862,2.7693
中债国债收益率曲线,2024-01-10,1.8196,2.08,2.1091,2.2973,2.4062,2.502,2.4982,2.7758
中债国债收益率曲线,2024-01-11,1.8296,2.0791,2.0941,2.2942,2.4042,2.5026,2.4992,2.7769
中债国债收益率曲线,2024-01-12,1.8308,2.079,2.0941,2.2941,2.4156,2.52,2.5172,2.793
中债国债收益率曲线,2024-01-15,1.8508,2.07,2.0991,2.3008,2.4256,2.525,2.5212,2.7856
中债国债收益率曲线,2024-01-16,1.8708,2.08,2.1091,2.315,2.4406,2.525,2.5252,2.7897
中债国债收益率曲线,2024-01-17,2.0057,2.075,2.1041,2.3055,2.4003,2.512,2.5077,2.7747
中债国债收益率曲线,2024-01-18,2.0073,2.07,2.0991,2.3072,2.3954,2.5135,2.5092,2.7732
中债国债收益率曲线,2024-01-19,1.9792,2.0487,2.0841,2.2901,2.378,2.505,2.5027,2.7583
中债国债收益率曲线,2024-01-22,1.9866,2.0407,2.0813,2.2813,2.3709,2.4902,2.4922,2.7224
中债国债收益率曲线,2024-01-23,1.9787,2.0382,2.0841,2.2975,2.3835,2.504,2.5042,2.7327
中债国债收益率曲线,2024-01-24,1.9787,2.0274,2.0691,2.2675,2.3713,2.505,2.5042,2.738
中债国债收益率曲线,2024-01-25,1.955,1.9962,2.0342,2.2358,2.3314,2.4815,2.4984,2.7321
中债国债收益率曲线,2024-01-26,1.9042,1.9865,2.0229,2.2391,2.3441,2.4839,2.4994,2.7331
中债国债收益率曲线,2024-01-29,1.862,1.9498,1.9401,2.2158,2.3222,2.474,2.494,2.7272
中债国债收益率曲线,2024-01-30,1.8096,1.8725,1.8751,2.1721,2.2849,2.4324,2.4557,2.6831
中债国债收益率曲线,2024-01-31,1.791,1.8706,1.8802,2.193,2.2872,2.4167,2.433,2.6482
中债国债收益率曲线,2024-02-01,1.7753,1.8572,1.8802,2.2107,2.3048,2.4215,2.4354,2.6472
中债国债收益率曲线,2024-02-02,1.7718,1.8782,1.8903,2.1886,2.2799,2.4115,2.4244,2.6353
中债国债收益率曲线,2024-02-04,1.7718,1.8738,1.8803,2.1743,2.2728,2.3961,2.4053,2.6076
中债国债收益率曲线,2024-02-05,1.7505,1.8445,1.8829,2.1887,2.2751,2.3978,2.4002,2.5974
中债国债收益率曲线,2024-02-06,1.7558,1.8518,1.9269,2.2405,2.3329,2.4503,2.4525,2.6579
中债国债收益率曲线,2024-02-07,1.744,1.8511,1.9287,2.1864,2.2985,2.415,2.4153,2.6214
中债国债收益率曲线,2024-02-08,1.7277,1.8541,1.9265,2.1891,2.2885,2.4353,2.4379,2.6505
中债国债收益率曲线,2024-02-09,1.7127,1.8481,1.9265,2.1891,2.2885,2.43,2.4302,2.6505
中债国债收益率曲线,2024-02-18,1.687,1.8593,1.9292,2.1884,2.2972,2.4356,2.4393,2.643
中债国债收益率曲线,2024-02-19,1.6713,1.8779,1.9157,2.1909,2.3058,2.4263,2.4344,2.627
中债国债收益率曲线,2024-02-20,1.6632,1.7937,1.8649,2.1634,2.2759,2.4041,2.4134,2.6004
中债国债收益率曲线,2024-02-21,1.6017,1.7497,1.8149,2.1634,2.2683,2.4018,2.4119,2.601
中债国债收益率曲线,2024-02-22,1.6052,1.744,1.7731,2.1284,2.2439,2.3835,2.4033,2.591
中债国债收益率曲线,2024-02-23,1.5512,1.7215,1.7699,2.1234,2.2495,2.381,2.4009,2.5809
中债国债收益率曲线,2024-02-26,1.5512,1.7129,1.767,2.1134,2.2244,2.3629,2.3789,2.54
中债国债收益率曲线,2024-02-27,1.5855,1.6785,1.7739,2.1334,2.2419,2.3675,2.3809,2.5224
中债国债收益率曲线,2024-02-28,1.6625,1.7031,1.7863,2.1103,2.2223,2.34,2.3376,2.4868
中债国债收益率曲线,2024-02-29,1.6454,1.6939,1.7871,2.1005,2.2178,2.34,2.3375,2.4616
中债国债收益率曲线,2024-03-01,1.628,1.6885,1.7833,2.1405,2.2632,2.3799,2.3675,2.4915
中债国债收益率曲线,2024-03-04,1.6055,1.6643,1.7612,2.123,2.2489,2.3569,2.3475,2.4738
中债国债收益率曲线,2024-03-05,1.5955,1.7017,1.7732,2.1108,2.2285,2.3358,2.3169,2.4794
中债国债收益率曲线,2024-03-06,1.6006,1.7026,1.7574,2.0708,2.1675,2.2828,2.265,2.4274
中债国债收益率曲线,2024-03-07,1.5809,1.6528,1.7578,2.0857,2.1959,2.2973,2.2776,2.431
中债国债收益率曲线,2024-03-08,1.5819,1.6641,1.7525,2.0906,2.2089,2.3023,2.2825,2.4335
中债国债收益率曲线,2024-03-11,1.6056,1.6655,1.7575,2.111,2.232,2.3198,2.305,2.4766
中债国债收益率曲线,2024-03-12,1.5931,1.6673,1.7975,2.1517,2.2716,2.3598,2.3476,2.5415
中债国债收益率曲线,2024-03-13,1.6237,1.6762,1.8175,2.1548,2.2587,2.3448,2.3326,2.5313
中债国债收益率曲线,2024-03-14,1.6437,1.6969,1.8475,2.1528,2.2595,2.3672,2.3425,2.5343
中债国债收益率曲线,2024-03-15,1.6537,1.6907,1.8325,2.1276,2.2428,2.3496,2.32,2.5094
中债国债收益率曲线,2024-03-18,1.6724,1.6813,1.7825,2.0812,2.2168,2.3294,2.2926,2.4857
中债国债收益率曲线,2024-03-19,1.6739,1.6873,1.7725,2.0742,2.2074,2.3154,2.2801,2.4485
中债国债收益率曲线,2024-03-20,1.6658,1.6835,1.7725,2.0828,2.2233,2.3369,2.2951,2.466
中债国债收益率曲线,2024-03-21,1.6412,1.7004,1.7625,2.063,2.2036,2.322,2.2851,2.4615
中债国债收益率曲线,2024-03-22,1.6403,1.6952,1.7625,2.0695,2.2143,2.337,2.3051,2.4832
中债国债收益率曲线,2024-03-25,1.65,1.7073,1.7875,2.0793,2.2281,2.3543,2.3151,2.4962
中债国债收益率曲线,2024-03-26,1.6365,1.6829,1.79,2.08,2.2279,2.3593,2.3175,2.4982
中债国债收益率曲线,2024-03-27,1.6408,1.6679,1.7525,2.0545,2.1948,2.32,2.2876,2.4636
中债国债收益率曲线,2024-03-28,1.6411,1.6685,1.7525,2.0549,2.2112,2.33,2.3026,2.4664
中债国债收益率曲线,2024-03-29,1.6414,1.6591,1.7225,2.0315,2.1974,2.3175,2.2901,2.4594
中债国债收益率曲线,2024-04-01,1.6333,1.6464,1.7425,2.0643,2.2172,2.3375,2.3082,2.4848
中债国债收益率曲线,2024-04-02,1.6202,1.6329,1.7275,2.0553,2.1967,2.3225,2.2927,2.475
中债国债收益率曲线,2024-04-03,1.6122,1.6249,1.7225,2.0428,2.1897,2.31,2.2837,2.4635
中债国债收益率曲线,2024-04-07,1.6102,1.6189,1.7225,2.0446,2.1946,2.3175,2.2937,2.4776
中债国债收益率曲线,2024-04-08,1.5892,1.5988,1.7025,2.02,2.169,2.3,2.2822,2.4656
中债国债收益率曲线,2024-04-09,1.5792,1.5848,1.6925,2.0183,2.1533,2.295,2.2802,2.4637
中债国债收益率曲线,2024-04-10,1.5601,1.6148,1.7033,2.0187,2.1591,2.3025,2.2972,2.4891
中债国债收益率曲线,2024-04-11,1.5501,1.6084,1.7033,2.0164,2.1378,2.2901,2.2928,2.4928
中债国债收益率曲线,2024-04-12,1.5502,1.6051,1.6958,1.9925,2.1119,2.2583,2.2837,2.487
中债国债收益率曲线,2024-04-15,1.5407,1.6051,1.7033,2.0135,2.1263,2.254,2.2798,2.4863
中债国债收益率曲线,2024-04-16,1.541,1.6156,1.7233,2.0212,2.1288,2.2447,2.2723,2.4717
中债国债收益率曲线,2024-04-17,1.5461,1.6384,1.7133,2.0161,2.1053,2.2366,2.2608,2.4556
中债国债收益率曲线,2024-04-18,1.5459,1.6317,1.6983,1.9935,2.0804,2.2315,2.2537,2.4466
中债国债收益率曲线,2024-04-19,1.5529,1.6331,1.6933,1.9931,2.0755,2.2241,2.254,2.4411
中债国债收益率曲线,2024-04-22,1.5723,1.6231,1.6833,1.9774,2.0735,2.2125,2.2435,2.4341
中债国债收益率曲线,2024-04-23,1.5813,1.6151,1.6633,1.9457,2.0563,2.195,2.226,2.4211
中债国债收益率曲线,2024-04-24,1.6228,1.66,1.6696,1.9853,2.0965,2.2449,2.2727,2.4791
中债国债收益率曲线,2024-04-25,1.5803,1.6597,1.6046,1.9443,2.0668,2.2242,2.2612,2.4841
中债国债收益率曲线,2024-04-26,1.6103,1.6599,1.6646,1.9981,2.1245,2.2778,2.3084,2.5257
中债国债收益率曲线,2024-04-28,1.6219,1.66,1.6932,2.0333,2.1575,2.309,2.3244,2.5493
中债国债收益率曲线,2024-04-29,1.6342,1.6627,1.7831,2.0647,2.1876,2.3344,2.353,2.5833
中债国债收益率曲线,2024-04-30,1.5342,1.6596,1.6928,1.9836,2.1484,2.2822,2.3028,2.5382
中债国债收益率曲线,2024-05-06,1.6485,1.6584,1.7022,1.9819,2.1268,2.2786,2.3081,2.5587
中债国债收益率曲线,2024-05-07,1.6442,1.6675,1.7028,1.96,2.0994,2.2521,2.2896,2.5413
中债国债收益率曲线,2024-05-08,1.632,1.6868,1.7071,1.9797,2.1068,2.2595,2.2955,2.55
中债国债收益率曲线,2024-05-09,1.6202,1.6673,1.7205,2.0084,2.1295,2.2889,2.3186,2.5726
中债国债收益率曲线,2024-05-10,1.6199,1.6665,1.7044,1.993,2.1301,2.2816,2.3122,2.5826
中债国债收益率曲线,2024-05-11,1.6277,1.6645,1.7092,2.009,2.1556,2.3087,2.3361,2.6126
中债国债收益率曲线,2024-05-13,1.5816,1.6172,1.6417,1.9517,2.096,2.2638,2.29,2.5661
中债国债收益率曲线,2024-05-14,1.5714,1.5837,1.6132,1.9482,2.086,2.2564,2.2938,2.5631
中债国债收益率曲线,2024-05-15,1.5811,1.6,1.6134,1.9446,2.0916,2.261,2.302,2.5681
中债国债收益率曲线,2024-05-16,1.57,1.5905,1.628,1.9696,2.1035,2.278,2.3147,2.5811
中债国债收益率曲线,2024-05-17,1.6003,1.6025,1.6073,1.9206,2.0928,2.2707,2.3077,2.5867
中债国债收益率曲线,2024-05-20,1.5361,1.5629,1.6136,1.9315,2.0983,2.2714,2.3105,2.5917
中债国债收益率曲线,2024-05-21,1.5323,1.5741,1.6129,1.952,2.1028,2.2741,2.3141,2.5927
中债国债收益率曲线,2024-05-22,1.5516,1.5711,1.6052,1.9372,2.0959,2.2697,2.3123,2.57
中债国债收益率曲线,2024-05-23,1.5608,1.5683,1.6085,1.9327,2.0884,2.2546,2.3063,2.5451
中债国债收益率曲线,2024-05-24,1.5606,1.5823,1.6375,1.943,2.096,2.2613,2.3134,2.5515
中债国债收益率曲线,2024-05-27,1.5513,1.61,1.6612,1.954,2.0961,2.2566,2.3084,2.5452
中债国债收益率曲线,2024-05-28,1.5413,1.6048,1.6552,1.9391,2.0871,2.2468,2.2994,2.5302
中债国债收益率曲线,2024-05-29,1.5632,1.6037,1.6567,1.9295,2.0848,2.2438,2.2776,2.5242
中债国债收益率曲线,2024-05-30,1.5616,1.6039,1.6531,1.9275,2.0862,2.2446,2.2826,2.5327
中债国债收益率曲线,2024-05-31,1.5428,1.6099,1.6444,1.936,2.085,2.2526,2.2926,2.5552
中债国债收益率曲线,2024-06-03,1.5051,1.5856,1.6457,1.9324,2.0699,2.2328,2.2853,2.5473
中债国债收益率曲线,2024-06-04,1.5435,1.5793,1.6461,1.9197,2.0708,2.2308,2.2854,2.5453
中债国债收益率曲线,2024-06-05,1.4956,1.5654,1.6319,1.8969,2.0573,2.2093,2.2808,2.5378
中债国债收益率曲线,2024-06-06,1.4817,1.5447,1.6105,1.8922,2.0595,2.2136,2.2828,2.5378
中债国债收益率曲线,2024-06-07,1.4818,1.5397,1.604,1.8932,2.0598,2.2156,2.2833,2.5303
中债国债收益率曲线,2024-06-11,1.4901,1.5463,1.599,1.8923,2.0555,2.2113,2.2791,2.5195
中债国债收益率曲线,2024-06-12,1.5001,1.553,1.599,1.8976,2.0634,2.2152,2.276,2.5235
中债国债收益率曲线,2024-06-13,1.5514,1.5704,1.597,1.9024,2.0655,2.2144,2.2678,2.5175
中债国债收益率曲线,2024-06-14,1.5414,1.5734,1.594,1.8953,2.0588,2.2062,2.2558,2.499
中债国债收益率曲线,2024-06-17,1.5376,1.5724,1.604,1.9109,2.0659,2.2116,2.2609,2.5057
中债国债收益率曲线,2024-06-18,1.5204,1.5632,1.604,1.9039,2.0568,2.198,2.2537,2.4887
中债国债收益率曲线,2024-06-19,1.5227,1.5638,1.599,1.8776,2.0236,2.1683,2.2429,2.4797
中债国债收益率曲线,2024-06-20,1.5068,1.5545,1.599,1.8823,2.0289,2.1706,2.2445,2.4708
中债国债收益率曲线,2024-06-21,1.5007,1.5445,1.5915,1.8969,2.039,2.1819,2.2571,2.4797
中债国债收益率曲线,2024-06-24,1.473,1.539,1.5915,1.8805,2.0255,2.158,2.2451,2.4607
中债国债收益率曲线,2024-06-25,1.4414,1.4867,1.5615,1.856,2.0159,2.148,2.235,2.4477
中债国债收益率曲线,2024-06-26,1.4606,1.4844,1.544,1.8397,1.9987,2.1355,2.2225,2.4442
中债国债收益率曲线,2024-06-27,1.4204,1.4464,1.549,1.8088,1.9769,2.1054,2.2081,2.4282
中债国债收益率曲线,2024-06-28,1.4411,1.4489,1.539,1.796,1.9782,2.103,2.2058,2.4282
中债国债收益率曲线,2024-07-01,1.4325,1.4457,1.5565,1.8257,2.02,2.141,2.2486,2.4782
中债国债收益率曲线,2024-07-02,1.4228,1.4478,1.5365,1.7936,1.9875,2.1087,2.2369,2.4692
中债国债收益率曲线,2024-07-03,1.4257,1.4434,1.524,1.7838,1.9589,2.0965,2.2426,2.4738
中债国债收益率曲线,2024-07-04,1.4363,1.4575,1.529,1.8035,1.9711,2.1042,2.2502,2.4798
中债国债收益率曲线,2024-07-05,1.4436,1.4549,1.529,1.8255,1.9995,2.1293,2.2754,2.513
中债国债收益率曲线,2024-07-08,1.49,1.4934,1.579,1.8654,2.0347,2.1547,2.2904,2.5205
中债国债收益率曲线,2024-07-09,1.495,1.4993,1.554,1.8401,2.0074,2.1248,2.2698,2.5017
中债国债收益率曲线,2024-07-10,1.47,1.4757,1.5515,1.8406,2.0131,2.1326,2.2707,2.5068
中债国债收益率曲线,2024-07-11,1.4517,1.4569,1.539,1.8272,2.0064,2.1278,2.2648,2.5025
中债国债收益率曲线,2024-07-12,1.4567,1.4573,1.539,1.8237,2.0016,2.1229,2.2604,2.4921
中债国债收益率曲线,2024-07-15,1.4664,1.467,1.5365,1.8169,1.9891,2.1084,2.2541,2.4772
中债国债收益率曲线,2024-07-16,1.4763,1.477,1.529,1.817,1.9841,2.1034,2.2613,2.4801
中债国债收益率曲线,2024-07-17,1.5001,1.502,1.524,1.817,1.9579,2.1054,2.2598,2.4812
中债国债收益率曲线,2024-07-18,1.4976,1.5997,1.5315,1.8188,1.9607,2.1169,2.2673,2.4901
中债国债收益率曲线,2024-07-19,1.4874,1.5995,1.5265,1.8004,1.9534,2.1101,2.2614,2.4842
中债国债收益率曲线,2024-07-22,1.455,1.5635,1.488,1.7674,1.9141,2.0682,2.2461,2.4712
中债国债收益率曲线,2024-07-23,1.4401,1.5481,1.4705,1.7432,1.8918,2.0407,2.2322,2.4691
中债国债收益率曲线,2024-07-24,1.4463,1.5182,1.4655,1.7401,1.8972,2.0485,2.2381,2.4676
中债国债收益率曲线,2024-07-25,1.4203,1.4984,1.465,1.7431,1.8923,2.039,2.2168,2.4357
中债国债收益率曲线,2024-07-26,1.3979,1.5034,1.4769,1.7468,1.8976,2.041,2.1944,2.4226
中债国债收益率曲线,2024-07-29,1.3924,1.4984,1.45,1.7393,1.8933,2.0313,2.1574,2.39
中债国债收益率曲线,2024-07-30,1.3915,1.4519,1.43,1.7222,1.8836,2.0215,2.148,2.3765
中债国债收益率曲线,2024-07-31,1.4032,1.4899,1.4201,1.7062,1.849,1.992,2.1494,2.3825
中债国债收益率曲线,2024-08-01,1.4124,1.4849,1.4101,1.6827,1.8262,1.9686,2.1297,2.3651
中债国债收益率曲线,2024-08-02,1.3933,1.4847,1.3901,1.6741,1.8188,1.9598,2.1277,2.3465
中债国债收益率曲线,2024-08-05,1.3815,1.4597,1.3902,1.674,1.8144,1.9659,2.1376,2.3375
中债国债收益率曲线,2024-08-06,1.3821,1.4696,1.4103,1.6813,1.817,1.9634,2.1491,2.355
中债国债收益率曲线,2024-08-07,1.3877,1.4719,1.4065,1.6734,1.7995,1.9541,2.1414,2.335
中债国债收益率曲线,2024-08-08,1.3875,1.4746,1.4268,1.7024,1.8349,2.0103,2.181,2.37
中债国债收益率曲线,2024-08-09,1.4067,1.49,1.4562,1.7215,1.8706,2.0613,2.1986,2.38
中债国债收益率曲线,2024-08-12,1.4312,1.51,1.5283,1.8032,1.9358,2.1375,2.2508,2.435
中债国债收益率曲线,2024-08-13,1.4997,1.4929,1.5008,1.7687,1.9011,2.1369,2.2255,2.4075
中债国债收益率曲线,2024-08-14,1.4954,1.501,1.5059,1.761,1.8858,2.1027,2.1966,2.3751
中债国债收益率曲线,2024-08-15,1.4879,1.541,1.5211,1.776,1.9058,2.1081,2.205,2.39
中债国债收益率曲线,2024-08-16,1.4835,1.5995,1.5341,1.781,1.8901,2.0986,2.1978,2.39
中债国债收益率曲线,2024-08-19,1.5063,1.6036,1.5406,1.7711,1.8834,2.0932,2.1816,2.3675
中债国债收益率曲线,2024-08-20,1.5021,1.5886,1.5535,1.7765,1.8859,2.0895,2.171,2.36
中债国债收益率曲线,2024-08-21,1.5446,1.5983,1.5443,1.7668,1.8761,2.0786,2.167,2.3551
中债国债收益率曲线,2024-08-22,1.5345,1.5825,1.5211,1.732,1.8726,2.0614,2.1582,2.3476
中债国债收益率曲线,2024-08-23,1.5104,1.5648,1.4973,1.6924,1.8487,2.0577,2.1547,2.3401
中债国债收益率曲线,2024-08-26,1.5008,1.5367,1.5042,1.6836,1.8447,2.0617,2.1628,2.3475
中债国债收益率曲线,2024-08-27,1.5156,1.5369,1.5073,1.6942,1.8658,2.1048,2.1903,2.3825
中债国债收益率曲线,2024-08-28,1.5103,1.5149,1.4963,1.695,1.8552,2.0715,2.1673,2.355
中债国债收益率曲线,2024-08-29,1.4934,1.5085,1.4912,1.6772,1.8671,2.0825,2.1703,2.365
中债国债收益率曲线,2024-08-30,1.4709,1.4949,1.49,1.6679,1.8522,2.0811,2.1704,2.3651
中债国债收益率曲线,2024-09-02,1.4566,1.4889,1.465,1.6157,1.8085,2.0483,2.1457,2.3425
中债国债收益率曲线,2024-09-03,1.4457,1.4796,1.43,1.5705,1.7853,2.0419,2.1432,2.339
中债国债收益率曲线,2024-09-04,1.4281,1.4694,1.455,1.5651,1.775,2.0214,2.1336,2.3225
中债国债收益率曲线,2024-09-05,1.4218,1.469,1.4475,1.55,1.7761,2.0111,2.1338,2.3125
中债国债收益率曲线,2024-09-06,1.4221,1.4685,1.4352,1.5508,1.779,2.009,2.1388,2.309
中债国债收益率曲线,2024-09-09,1.445,1.4576,1.4152,1.5368,1.77,1.9755,2.1267,2.29
中债国债收益率曲线,2024-09-10,1.4045,1.4067,1.3552,1.4866,1.7497,1.9534,2.1143,2.267
中债国债收益率曲线,2024-09-11,1.4,1.4,1.3285,1.4608,1.7175,1.9463,2.1044,2.263
中债国债收益率曲线,2024-09-12,1.4,1.3895,1.326,1.4603,1.7232,1.9483,2.0998,2.2471
中债国债收益率曲线,2024-09-13,1.39,1.39,1.326,1.463,1.7205,1.9331,2.0724,2.2176
中债国债收益率曲线,2024-09-14,1.3732,1.3824,1.331,1.4428,1.7009,1.9143,2.0425,2.183
中债国债收益率曲线,2024-09-18,1.384,1.3942,1.366,1.4705,1.7217,1.9247,2.0403,2.165
中债国债收益率曲线,2024-09-19,1.404,1.4218,1.391,1.5003,1.7411,1.9347,2.045,2.17
中债国债收益率曲线,2024-09-20,1.396,1.429,1.391,1.4963,1.7281,1.9062,2.0431,2.15
中债国债收益率曲线,2024-09-23,1.4044,1.4284,1.3879,1.4993,1.7314,1.9044,2.0381,2.14
中债国债收益率曲线,2024-09-24,1.3929,1.4245,1.4179,1.5158,1.7521,1.9373,2.0728,2.19
中债国债收益率曲线,2024-09-25,1.4007,1.428,1.3879,1.5048,1.6995,1.8926,2.0437,2.155
中债国债收益率曲线,2024-09-26,1.411,1.4428,1.4029,1.5142,1.7316,1.933,2.0787,2.22
中债国债收益率曲线,2024-09-27,1.4109,1.4698,1.4379,1.5649,1.8312,2.0486,2.1714,2.3475
中债国债收益率曲线,2024-09-29,1.4186,1.4639,1.4379,1.6616,1.9312,2.1311,2.2534,2.435
中债国债收益率曲线,2024-09-30,1.3986,1.449,1.3679,1.5636,1.8388,2.0732,2.1518,2.355
中债国债收益率曲线,2024-10-08,1.4,1.449,1.3729,1.6379,1.9106,2.1101,2.1928,2.38
中债国债收益率曲线,2024-10-09,1.4286,1.4675,1.4279,1.6935,1.8886,2.0857,2.176,2.3576
中债国债收益率曲线,2024-10-10,1.4136,1.4575,1.4379,1.6459,1.8326,2.0441,2.1441,2.29
中债国债收益率曲线,2024-10-11,1.3936,1.4585,1.4429,1.6432,1.8171,2.037,2.1392,2.3
中债国债收益率曲线,2024-10-12,1.3707,1.4345,1.4179,1.644,1.8122,2.0423,2.1441,2.3
中债国债收益率曲线,2024-10-14,1.4091,1.5395,1.4479,1.6619,1.819,2.0376,2.1368,2.3126
中债国债收益率曲线,2024-10-15,1.4198,1.5392,1.4504,1.6535,1.8065,2.0106,2.1254,2.3125
中债国债收益率曲线,2024-10-16,1.4323,1.5291,1.4504,1.6469,1.8215,2.0181,2.1331,2.328
中债国债收益率曲线,2024-10-17,1.4,1.4989,1.4279,1.5989,1.7805,1.9888,2.1084,2.295
中债国债收益率曲线,2024-10-18,1.4098,1.4819,1.4329,1.6133,1.7882,2.0044,2.1209,2.305
中债国债收益率曲线,2024-10-21,1.4399,1.4686,1.4354,1.6397,1.7938,2.0076,2.1211,2.3075
中债国债收益率曲线,2024-10-22,1.4318,1.4635,1.4349,1.671,1.8316,2.0401,2.1458,2.34
中债国债收益率曲线,2024-10-23,1.4156,1.4772,1.4254,1.6862,1.8443,2.0502,2.1559,2.355
中债国债收益率曲线,2024-10-24,1.3928,1.4391,1.4302,1.6854,1.8521,2.058,2.1661,2.355
中债国债收益率曲线,2024-10-25,1.3895,1.4371,1.4169,1.647,1.8428,2.043,2.1539,2.36
中债国债收益率曲线,2024-10-28,1.4322,1.4794,1.407,1.6353,1.8336,2.0522,2.1617,2.38
中债国债收益率曲线,2024-10-29,1.4322,1.469,1.4367,1.6198,1.8291,2.0502,2.1598,2.366
中债国债收益率曲线,2024-10-30,1.4257,1.449,1.4461,1.6082,1.822,2.0456,2.1597,2.36
中债国债收益率曲线,2024-10-31,1.4066,1.429,1.426,1.5835,1.7947,2.029,2.1476,2.335
中债国债收益率曲线,2024-11-01,1.4014,1.409,1.4065,1.5597,1.7674,2.0151,2.1406,2.3175
中债国债收益率曲线,2024-11-04,1.3923,1.3991,1.4044,1.5589,1.7786,2.0149,2.1275,2.305
中债国债收益率曲线,2024-11-05,1.3835,1.3892,1.4077,1.5334,1.7691,1.9923,2.1106,2.2825
中债国债收益率曲线,2024-11-06,1.3786,1.3891,1.4103,1.5248,1.7748,2.0002,2.1234,2.29
中债国债收益率曲线,2024-11-07,1.3615,1.3787,1.4022,1.4981,1.7552,1.9805,2.1115,2.28
中债国债收益率曲线,2024-11-08,1.3666,1.3787,1.4062,1.4992,1.7427,1.9763,2.1067,2.2775
中债国债收益率曲线,2024-11-11,1.3691,1.4096,1.4032,1.5069,1.7409,1.9613,2.092,2.2575
中债国债收益率曲线,2024-11-12,1.374,1.4096,1.4008,1.5016,1.713,1.9303,2.0729,2.236
中债国债收益率曲线,2024-11-13,1.3616,1.3896,1.4028,1.4963,1.7186,1.9528,2.0876,2.26
中债国债收益率曲线,2024-11-14,1.3627,1.3848,1.391,1.4799,1.7065,1.9379,2.0808,2.261
中债国债收益率曲线,2024-11-15,1.3607,1.3798,1.3875,1.4774,1.7099,1.9381,2.0948,2.2825
中债国债收益率曲线,2024-11-18,1.3757,1.3794,1.3703,1.4774,1.724,1.9649,2.1117,2.3175
中债国债收益率曲线,2024-11-19,1.3752,1.3788,1.3579,1.4556,1.7122,1.9419,2.0947,2.286
中债国债收益率曲线,2024-11-20,1.3801,1.3805,1.348,1.4533,1.7074,1.948,2.1025,2.305
中债国债收益率曲线,2024-11-21,1.3654,1.3697,1.3479,1.4435,1.6977,1.9194,2.0843,2.2751
中债国债收益率曲线,2024-11-22,1.3726,1.3793,1.3504,1.4472,1.7031,1.9214,2.0832,2.265
中债国债收益率曲线,2024-11-25,1.382,1.3948,1.3603,1.4451,1.6936,1.8965,2.0682,2.241
中债国债收益率曲线,2024-11-26,1.3752,1.3898,1.3856,1.4551,1.6988,1.9044,2.0657,2.245
中债国债收益率曲线,2024-11-27,1.3761,1.3847,1.3845,1.4467,1.7021,1.9044,2.0553,2.25
中债国债收益率曲线,2024-11-28,1.3779,1.3798,1.3777,1.4418,1.6842,1.8789,2.0304,2.218
中债国债收益率曲线,2024-11-29,1.37,1.37,1.3698,1.4142,1.6598,1.876,2.0206,2.2025
中债国债收益率曲线,2024-12-02,1.3424,1.35,1.35,1.3826,1.615,1.8346,1.981,2.17
中债国债收益率曲线,2024-12-03,1.3501,1.3547,1.3491,1.3901,1.6257,1.8432,1.9886,2.1675
中债国债收益率曲线,2024-12-04,1.3525,1.3491,1.3432,1.3826,1.6026,1.8198,1.9612,2.1375
中债国债收益率曲线,2024-12-05,1.3531,1.356,1.3479,1.3735,1.6086,1.8221,1.9462,2.1425
中债国债收益率曲线,2024-12-06,1.3501,1.356,1.3485,1.3835,1.6111,1.8238,1.9539,2.1585
中债国债收益率曲线,2024-12-09,1.3452,1.3492,1.3482,1.3841,1.585,1.7896,1.9168,2.1151
中债国债收益率曲线,2024-12-10,1.3396,1.3264,1.3087,1.3397,1.5454,1.7276,1.8468,2.0551
中债国债收益率曲线,2024-12-11,1.33,1.33,1.2782,1.3346,1.53,1.71,1.8218,2.0401
中债国债收益率曲线,2024-12-12,1.3085,1.3095,1.2142,1.3053,1.4844,1.6876,1.8172,2.043
中债国债收益率曲线,2024-12-13,1.2836,1.2845,1.1582,1.2502,1.4353,1.6626,1.7771,2.005
中债国债收益率曲线,2024-12-16,1.2389,1.2471,1.1182,1.2095,1.4176,1.6301,1.7215,1.9526
中债国债收益率曲线,2024-12-17,1.2003,1.209,1.1081,1.2144,1.4417,1.6441,1.7237,1.9591
中债国债收益率曲线,2024-12-18,1.1518,1.1589,1.0782,1.2009,1.4515,1.6701,1.7564,1.9961
中债国债收益率曲线,2024-12-19,1.1002,1.1088,1.0432,1.1747,1.4161,1.6451,1.7417,1.9926
中债国债收益率曲线,2024-12-20,1.0002,1.0087,0.9807,1.1149,1.3727,1.6051,1.7018,1.9526
中债国债收益率曲线,2024-12-23,0.8009,0.9397,0.9307,1.0949,1.3915,1.6101,1.7019,1.9526
中债国债收益率曲线,2024-12-24,0.8119,0.9296,0.9307,1.085,1.4199,1.6351,1.7166,1.9926
中债国债收益率曲线,2024-12-25,0.7819,0.9497,0.9907,1.1042,1.4591,1.6601,1.7365,2.007
中债国债收益率曲线,2024-12-26,0.8029,0.9601,1.0157,1.1409,1.437,1.6251,1.7122,1.9701
中债国债收益率曲线,2024-12-27,0.8205,0.968,1.0393,1.1531,1.4059,1.593,1.6929,1.9476
中债国债收益率曲线,2024-12-30,0.9086,0.958,1.1093,1.1965,1.4413,1.6212,1.7128,1.9476
中债国债收益率曲线,2024-12-31,0.9091,0.9565,1.0843,1.1872,1.4152,1.5887,1.6752,1.9121
中债国债收益率曲线,2025-01-02,0.9539,1.0065,1.0693,1.1694,1.3976,1.5315,1.6077,1.8397
中债国债收益率曲线,2025-01-03,1.0014,1.0057,1.0177,1.1122,1.3409,1.4894,1.6041,1.8501
中债国债收益率曲线,2025-01-06,1.0227,1.0289,1.0391,1.1196,1.3493,1.4924,1.5966,1.8327
中债国债收益率曲线,2025-01-07,1.08,1.08,1.08,1.1558,1.3895,1.5022,1.6093,1.8602
中债国债收益率曲线,2025-01-08,1.1,1.1009,1.12,1.1833,1.3948,1.4997,1.6069,1.8702
中债国债收益率曲线,2025-01-09,1.1917,1.1967,1.17,1.2412,1.4465,1.5322,1.6368,1.8932
中债国债收益率曲线,2025-01-10,1.2,1.2,1.1961,1.2577,1.4342,1.545,1.6338,1.8752
中债国债收益率曲线,2025-01-13,1.41,1.41,1.2361,1.3039,1.4792,1.5675,1.6592,1.9051
中债国债收益率曲线,2025-01-14,1.4002,1.3878,1.2161,1.2907,1.4157,1.546,1.6446,1.8652
中债国债收益率曲线,2025-01-15,1.4,1.2615,1.2061,1.2578,1.4207,1.5486,1.633,1.8602
中债国债收益率曲线,2025-01-16,1.45,1.3087,1.2217,1.2803,1.4257,1.5486,1.6394,1.8677
中债国债收益率曲线,2025-01-17,1.4251,1.3012,1.2617,1.2806,1.4307,1.5744,1.6593,1.915
中债国债收益率曲线,2025-01-20,1.4423,1.4388,1.3,1.3059,1.4357,1.5852,1.6747,1.9225
中债国债收益率曲线,2025-01-21,1.43,1.4285,1.285,1.281,1.4107,1.5656,1.6496,1.89
中债国债收益率曲线,2025-01-22,1.4051,1.3764,1.285,1.281,1.4257,1.5652,1.6602,1.9
中债国债收益率曲线,2025-01-23,1.4135,1.3869,1.3099,1.3028,1.4557,1.585,1.6645,1.9
中债国债收益率曲线,2025-01-24,1.4416,1.4109,1.3399,1.3437,1.4657,1.5873,1.6565,1.89
中债国债收益率曲线,2025-01-26,1.4196,1.3911,1.3474,1.3337,1.4557,1.5873,1.6537,1.891
中债国债收益率曲线,2025-01-27,1.3775,1.36,1.3036,1.3108,1.4124,1.5484,1.6299,1.8675
中债国债收益率曲线,2025-02-05,1.3991,1.3606,1.2599,1.309,1.4049,1.5373,1.6207,1.8375
中债国债收益率曲线,2025-02-06,1.3889,1.3431,1.21,1.2871,1.3791,1.5125,1.5958,1.805
中债国债收益率曲线,2025-02-07,1.3839,1.3094,1.2229,1.2796,1.3945,1.5224,1.6032,1.8025
中债国债收益率曲线,2025-02-08,1.3825,1.3181,1.2271,1.2758,1.3945,1.5224,1.6057,1.805
中债国债收益率曲线,2025-02-10,1.4198,1.3608,1.2582,1.3092,1.4377,1.5494,1.6342,1.825
中债国债收益率曲线,2025-02-11,1.42,1.3661,1.2667,1.2967,1.4279,1.5396,1.6274,1.8075
中债国债收益率曲线,2025-02-12,1.4225,1.3719,1.2671,1.3086,1.438,1.5524,1.6336,1.809
中债国债收益率曲线,2025-02-13,1.4196,1.3662,1.2846,1.3272,1.448,1.5625,1.6346,1.799
中债国债收益率曲线,2025-02-14,1.4112,1.387,1.3795,1.3747,1.4804,1.5976,1.6546,1.82
中债国债收益率曲线,2025-02-17,1.4997,1.4314,1.419,1.3939,1.5035,1.6218,1.6934,1.86
中债国债收益率曲线,2025-02-18,1.5016,1.5088,1.458,1.4289,1.5335,1.6567,1.7006,1.86
中债国债收益率曲线,2025-02-19,1.4962,1.5034,1.4619,1.4239,1.5029,1.6344,1.6626,1.84
中债国债收益率曲线,2025-02-20,1.5003,1.5143,1.4758,1.4639,1.5379,1.6657,1.685,1.87
中债国债收益率曲线,2025-02-21,1.5282,1.5288,1.4797,1.4839,1.6045,1.7028,1.72,1.905
中债国债收益率曲线,2025-02-24,1.587,1.5339,1.4802,1.5239,1.6451,1.7519,1.7625,1.945
中债国债收益率曲线,2025-02-25,1.6281,1.5592,1.4671,1.5175,1.6222,1.7169,1.7275,1.915
中债国债收益率曲线,2025-02-26,1.5997,1.5644,1.4537,1.4975,1.61,1.7038,1.7251,1.91
中债国债收益率曲线,2025-02-27,1.6096,1.5744,1.4974,1.5354,1.644,1.7385,1.7576,1.935
中债国债收益率曲线,2025-02-28,1.6096,1.5845,1.4597,1.5182,1.6041,1.6918,1.7152,1.905
中债国债收益率曲线,2025-03-03,1.5893,1.5634,1.4322,1.4814,1.5565,1.6572,1.6955,1.89
中债国债收益率曲线,2025-03-04,1.5972,1.5155,1.4397,1.4965,1.5639,1.6745,1.7079,1.9
中债国债收益率曲线,2025-03-05,1.5975,1.5161,1.4447,1.5016,1.5527,1.6618,1.7083,1.8925
中债国债收益率曲线,2025-03-06,1.6,1.5816,1.4697,1.5468,1.598,1.7117,1.7455,1.9325
中债国债收益率曲线,2025-03-07,1.6,1.6241,1.5547,1.5923,1.6672,1.7773,1.8002,1.975
中债国债收益率曲线,2025-03-10,1.64,1.6429,1.5497,1.6123,1.6744,1.7879,1.8128,1.985
中债国债收益率曲线,2025-03-11,1.6403,1.672,1.5823,1.6777,1.7368,1.8579,1.8853,2.035
中债国债收益率曲线,2025-03-12,1.6301,1.6395,1.5779,1.6415,1.6668,1.7894,1.8334,2.0125
中债国债收益率曲线,2025-03-13,1.6,1.599,1.5779,1.6222,1.6792,1.8015,1.8565,2.04
中债国债收益率曲线,2025-03-14,1.5847,1.5839,1.5629,1.6214,1.6416,1.7724,1.8317,2.04
中债国债收益率曲线,2025-03-17,1.6209,1.6437,1.5879,1.6871,1.7123,1.8587,1.8957,2.115
中债国债收益率曲线,2025-03-18,1.6131,1.6151,1.5879,1.6676,1.6974,1.8452,1.8885,2.1151
中债国债收益率曲线,2025-03-19,1.6104,1.6395,1.5879,1.6607,1.6991,1.8359,1.8708,2.1051
中债国债收益率曲线,2025-03-20,1.6,1.5995,1.5629,1.6188,1.6741,1.7959,1.8309,2.0526
中债国债收益率曲线,2025-03-21,1.5901,1.5956,1.5579,1.636,1.6981,1.813,1.8458,2.0676
中债国债收益率曲线,2025-03-24,1.58,1.5812,1.5354,1.6387,1.6927,1.8022,1.8413,2.0501
中债国债收益率曲线,2025-03-25,1.57,1.57,1.5404,1.6339,1.6773,1.7899,1.8183,2.0276
中债国债收益率曲线,2025-03-26,1.5402,1.5539,1.5279,1.614,1.6517,1.7569,1.7943,2.0001
中债国债收益率曲线,2025-03-27,1.5404,1.5585,1.5279,1.5988,1.6579,1.7472,1.8062,2.0101
中债国债收益率曲线,2025-03-28,1.5208,1.549,1.5279,1.5876,1.6562,1.7454,1.8126,2.0251
中债国债收益率曲线,2025-03-31,1.52,1.5491,1.5379,1.606,1.6523,1.7432,1.8129,2.0226
中债国债收益率曲线,2025-04-01,1.52,1.5528,1.5454,1.6268,1.6669,1.7533,1.8104,2.0201
中债国债收益率曲线,2025-04-02,1.5233,1.5398,1.5404,1.5985,1.6368,1.7259,1.7887,1.9801
中债国债收益率曲线,2025-04-03,1.5095,1.4967,1.4829,1.5263,1.5616,1.649,1.718,1.9052
中债国债收益率曲线,2025-04-07,1.4496,1.44,1.4429,1.4664,1.4967,1.5914,1.6318,1.8252
中债国债收益率曲线,2025-04-08,1.5171,1.4913,1.4779,1.5062,1.5452,1.6409,1.6633,1.8551
中债国债收益率曲线,2025-04-09,1.4862,1.4827,1.4328,1.4689,1.5216,1.626,1.6508,1.8552
中债国债收益率曲线,2025-04-10,1.4509,1.4709,1.4128,1.4387,1.4916,1.6018,1.6444,1.8602
中债国债收益率曲线,2025-04-11,1.38,1.3816,1.3978,1.4315,1.4895,1.6024,1.6568,1.8627
中债国债收益率曲线,2025-04-14,1.4,1.4005,1.4153,1.4605,1.5043,1.5974,1.6584,1.8602
中债国债收益率曲线,2025-04-15,1.4099,1.4105,1.4228,1.4621,1.5015,1.6007,1.6583,1.8602
中债国债收益率曲线,2025-04-16,1.4002,1.4128,1.4178,1.4618,1.4896,1.5918,1.643,1.8652
中债国债收益率曲线,2025-04-17,1.4189,1.412,1.4301,1.4741,1.5048,1.5992,1.6522,1.8982
中债国债收益率曲线,2025-04-18,1.42,1.422,1.43,1.4822,1.504,1.5952,1.6493,1.9042
中债国债收益率曲线,2025-04-21,1.4844,1.5145,1.448,1.4945,1.5303,1.6128,1.6664,1.9227
中债国债收益率曲线,2025-04-22,1.4638,1.5042,1.4432,1.4866,1.5179,1.5978,1.6509,1.9052
中债国债收益率曲线,2025-04-23,1.4738,1.504,1.4513,1.5018,1.5379,1.6153,1.6611,1.9279
中债国债收益率曲线,2025-04-24,1.4531,1.4989,1.4532,1.5208,1.547,1.6208,1.664,1.9327
中债国债收益率曲线,2025-04-25,1.4468,1.4793,1.4501,1.5192,1.5433,1.6158,1.6606,1.9276
中债国债收益率曲线,2025-04-27,1.4618,1.4793,1.4501,1.523,1.5443,1.6161,1.6607,1.9252
中债国债收益率曲线,2025-04-28,1.4508,1.4697,1.4601,1.5177,1.5393,1.6029,1.6483,1.9005
中债国债收益率曲线,2025-04-29,1.485,1.4784,1.455,1.5009,1.5352,1.5822,1.6241,1.8225
中债国债收益率曲线,2025-04-30,1.4659,1.4691,1.4599,1.4766,1.5163,1.5806,1.6243,1.824
中债国债收益率曲线,2025-05-06,1.4797,1.467,1.4624,1.4939,1.5255,1.5832,1.6298,1.827
中债国债收益率曲线,2025-05-07,1.4496,1.4379,1.4474,1.4815,1.5156,1.597,1.6418,1.8475
中债国债收益率曲线,2025-05-08,1.4161,1.41,1.4149,1.4504,1.5009,1.569,1.6331,1.8375
中债国债收益率曲线,2025-05-09,1.4,1.4005,1.4194,1.4633,1.4957,1.572,1.6351,1.8425
中债国债收益率曲线,2025-05-12,1.4101,1.4106,1.4232,1.4661,1.5519,1.622,1.688,1.905
中债国债收益率曲线,2025-05-13,1.4102,1.4184,1.4131,1.4533,1.5421,1.6067,1.6704,1.879
中债国债收益率曲线,2025-05-14,1.4061,1.4111,1.4228,1.4727,1.5622,1.6215,1.6736,1.8775
中债国债收益率曲线,2025-05-15,1.3902,1.4048,1.4385,1.5048,1.577,1.6338,1.6798,1.8825
中债国债收益率曲线,2025-05-16,1.3954,1.4159,1.4508,1.507,1.577,1.6329,1.6793,1.878
中债国债收益率曲线,2025-05-19,1.433,1.435,1.4429,1.4973,1.5672,1.6146,1.6893,1.861
中债国债收益率曲线,2025-05-20,1.4321,1.4128,1.4483,1.5041,1.5722,1.616,1.7004,1.872
中债国债收益率曲线,2025-05-21,1.4332,1.4342,1.4496,1.4997,1.5647,1.6166,1.71,1.885
中债国债收益率曲线,2025-05-22,1.4324,1.4477,1.4495,1.4958,1.5649,1.6168,1.7186,1.887
中债国债收益率曲线,2025-05-23,1.4261,1.4461,1.4481,1.4956,1.565,1.6131,1.7208,1.889
中债国债收益率曲线,2025-05-26,1.4418,1.4599,1.4581,1.4944,1.5628,1.6124,1.7201,1.8875
中债国债收益率曲线,2025-05-27,1.4474,1.46,1.4649,1.499,1.5703,1.6259,1.7261,1.901
中债国债收益率曲线,2025-05-28,1.4637,1.4793,1.4628,1.5002,1.5753,1.6296,1.6832,1.906
中债国债收益率曲线,2025-05-29,1.4713,1.4741,1.4783,1.5153,1.5903,1.6419,1.6877,1.916
中债国债收益率曲线,2025-05-30,1.4462,1.4504,1.4552,1.4777,1.564,1.6254,1.6712,1.896
中债国债收益率曲线,2025-06-03,1.44,1.4405,1.4627,1.4877,1.5797,1.6352,1.6764,1.895
中债国债收益率曲线,2025-06-04,1.4302,1.436,1.4527,1.4703,1.565,1.6257,1.6704,1.891
中债国债收益率曲线,2025-06-05,1.4177,1.4264,1.4352,1.4555,1.5585,1.6221,1.6741,1.896
中债国债收益率曲线,2025-06-06,1.4,1.41,1.4102,1.4354,1.5459,1.5929,1.6547,1.876
中债国债收益率曲线,2025-06-09,1.4199,1.41,1.4102,1.4354,1.5437,1.5917,1.6559,1.87
中债国债收益率曲线,2025-06-10,1.4059,1.4098,1.4077,1.4509,1.5456,1.5954,1.6569,1.8695
中债国债收益率曲线,2025-06-11,1.3852,1.4018,1.4052,1.4385,1.5426,1.5815,1.642,1.849
中债国债收益率曲线,2025-06-12,1.3898,1.3814,1.4052,1.4408,1.5437,1.5886,1.6475,1.8485
中债国债收益率曲线,2025-06-13,1.38,1.3813,1.4002,1.4258,1.5447,1.587,1.644,1.8495
中债国债收益率曲线,2025-06-16,1.3858,1.3954,1.3987,1.4054,1.5401,1.5883,1.6432,1.851
中债国债收益率曲线,2025-06-17,1.37,1.375,1.3702,1.3808,1.5101,1.5745,1.6364,1.8425
中债国债收益率曲线,2025-06-18,1.3503,1.3723,1.3602,1.3889,1.5082,1.5758,1.6384,1.8455
中债国债收益率曲线,2025-06-19,1.3502,1.3628,1.3642,1.397,1.5078,1.5781,1.6425,1.8431
中债国债收益率曲线,2025-06-20,1.3405,1.3599,1.3552,1.4,1.5025,1.5743,1.6396,1.8376
中债国债收益率曲线,2025-06-23,1.3447,1.3695,1.3552,1.4028,1.5027,1.579,1.6418,1.8381
中债国债收益率曲线,2025-06-24,1.3297,1.353,1.3627,1.4133,1.5129,1.5938,1.648,1.8506
中债国债收益率曲线,2025-06-25,1.3342,1.3528,1.3652,1.4108,1.5214,1.6063,1.6544,1.8621
中债国债收益率曲线,2025-06-26,1.3199,1.3538,1.3627,1.4057,1.5139,1.6038,1.6462,1.8491
中债国债收益率曲线,2025-06-27,1.3303,1.3591,1.3452,1.3931,1.5065,1.6028,1.6462,1.8496
中债国债收益率曲线,2025-06-30,1.3222,1.34,1.3402,1.3959,1.5129,1.6123,1.6469,1.8611
中债国债收益率曲线,2025-07-01,1.3021,1.335,1.3377,1.3985,1.5075,1.6098,1.6433,1.8516
中债国债收益率曲线,2025-07-02,1.3007,1.3321,1.3352,1.391,1.4975,1.6033,1.6396,1.8451
中债国债收益率曲线,2025-07-03,1.2907,1.3244,1.3372,1.3772,1.4933,1.6026,1.6407,1.8486
中债国债收益率曲线,2025-07-04,1.2807,1.3187,1.3362,1.3791,1.4929,1.603,1.6433,1.8516
中债国债收益率曲线,2025-07-07,1.2814,1.3194,1.3402,1.3813,1.4932,1.6035,1.6406,1.8536
中债国债收益率曲线,2025-07-08,1.2811,1.3106,1.3552,1.3884,1.5032,1.6057,1.6444,1.8596
中债国债收益率曲线,2025-07-09,1.2811,1.3131,1.3602,1.3942,1.5141,1.6058,1.6446,1.8566
中债国债收益率曲线,2025-07-10,1.2811,1.3194,1.3727,1.4098,1.5236,1.6167,1.6616,1.8746
中债国债收益率曲线,2025-07-11,1.2812,1.3182,1.3702,1.4158,1.5292,1.6305,1.6653,1.8741
中债国债收益率曲线,2025-07-14,1.2878,1.3219,1.3752,1.4267,1.5417,1.636,1.6726,1.8821
中债国债收益率曲线,2025-07-15,1.2891,1.3176,1.3652,1.4108,1.5251,1.6187,1.6557,1.8601
中债国债收益率曲线,2025-07-16,1.2898,1.3239,1.3573,1.4116,1.5273,1.6195,1.6617,1.8661
中债国债收益率曲线,2025-07-17,1.3067,1.3305,1.3548,1.4114,1.5248,1.6195,1.663,1.883
中债国债收益率曲线,2025-07-18,1.3019,1.3244,1.349,1.4043,1.5256,1.6195,1.6652,1.8885
中债国债收益率曲线,2025-07-21,1.3353,1.3748,1.3565,1.4202,1.5421,1.6375,1.6774,1.9115
中债国债收益率曲线,2025-07-22,1.3056,1.3698,1.359,1.4229,1.5559,1.653,1.6907,1.9335
中债国债收益率曲线,2025-07-23,1.3058,1.365,1.3741,1.4467,1.5749,1.6685,1.7041,1.938
中债国债收益率曲线,2025-07-24,1.3008,1.3699,1.3941,1.4744,1.5939,1.6933,1.7376,1.979
中债国债收益率曲线,2025-07-25,1.3014,1.3725,1.3835,1.4777,1.6048,1.6926,1.7324,1.9725
中债国债收益率曲线,2025-07-28,1.3441,1.3724,1.3634,1.455,1.5848,1.6751,1.7146,1.9525
中债国债收益率曲线,2025-07-29,1.3574,1.3849,1.4111,1.4793,1.6107,1.7126,1.7466,1.998
中债国债收益率曲线,2025-07-30,1.3324,1.3898,1.3957,1.4558,1.5859,1.6951,1.718,1.96
中债国债收益率曲线,2025-07-31,1.3274,1.3797,1.3807,1.443,1.571,1.6762,1.7044,1.945
中债国债收益率曲线,2025-08-01,1.3249,1.3697,1.3734,1.4451,1.5686,1.6724,1.7059,1.949
中债国债收益率曲线,2025-08-04,1.3106,1.3497,1.3697,1.4392,1.5768,1.6689,1.7083,1.95
中债国债收益率曲线,2025-08-05,1.3106,1.3439,1.3692,1.4392,1.5719,1.6644,1.7061,1.9585
中债国债收益率曲线,2025-08-06,1.3106,1.3335,1.3654,1.4295,1.562,1.6594,1.6999,1.958
中债国债收益率曲线,2025-08-07,1.2915,1.3335,1.3608,1.4227,1.5471,1.6576,1.6894,1.951
中债国债收益率曲线,2025-08-08,1.2966,1.3356,1.3506,1.4159,1.5454,1.6576,1.6891,1.96
中债国债收益率曲线,2025-08-11,1.3095,1.341,1.3617,1.4321,1.5629,1.68,1.7203,1.995
中债国债收益率曲线,2025-08-12,1.3036,1.3424,1.3664,1.4257,1.5683,1.69,1.7271,2.017
中债国债收益率曲线,2025-08-13,1.2959,1.3404,1.3615,1.4092,1.5637,1.6875,1.7262,2.02
中债国债收益率曲线,2025-08-14,1.2815,1.3749,1.3665,1.4154,1.5638,1.6965,1.7341,2.0275
中债国债收益率曲线,2025-08-15,1.282,1.3773,1.3665,1.4091,1.5948,1.707,1.7465,2.0475
中债国债收益率曲线,2025-08-18,1.3701,1.3897,1.3865,1.4466,1.6398,1.7525,1.7872,2.1145
中债国债收益率曲线,2025-08-19,1.38,1.38,1.3925,1.4907,1.6246,1.7475,1.7725,2.0975
中债国债收益率曲线,2025-08-20,1.3603,1.38,1.3866,1.5059,1.6399,1.7675,1.782,2.105
中债国债收益率曲线,2025-08-21,1.3604,1.3799,1.3848,1.5112,1.6295,1.7475,1.7667,2.075
中债国债收益率曲线,2025-08-22,1.3507,1.3799,1.3707,1.5064,1.6324,1.7525,1.7818,2.0775
中债国债收益率曲线,2025-08-25,1.3607,1.3696,1.3608,1.5022,1.6227,1.735,1.7643,2.05
中债国债收益率曲线,2025-08-26,1.3513,1.3721,1.3597,1.4973,1.6215,1.7295,1.7598,2.035
中债国债收益率曲线,2025-08-27,1.3463,1.3757,1.3632,1.4925,1.6259,1.7195,1.7988,2.07
中债国债收益率曲线,2025-08-28,1.3463,1.3796,1.3692,1.4977,1.6442,1.7445,1.8478,2.1108
中债国债收益率曲线,2025-08-29,1.3513,1.3582,1.3698,1.4776,1.6322,1.732,1.8379,2.1375
中债国债收益率曲线,2025-09-01,1.3513,1.36,1.3646,1.4776,1.6234,1.722,1.8257,2.1165
中债国债收益率曲线,2025-09-02,1.3513,1.3581,1.3654,1.4751,1.6148,1.7145,1.8167,2.1
中债国债收益率曲线,2025-09-03,1.3513,1.3588,1.368,1.4701,1.5931,1.692,1.7984,2.075
中债国债收益率曲线,2025-09-04,1.3513,1.3586,1.3777,1.4751,1.5967,1.697,1.806,2.085
中债国债收益率曲线,2025-09-05,1.3491,1.3546,1.3959,1.4876,1.6121,1.722,1.826,2.1125
中债国债收益率曲线,2025-09-08,1.3719,1.3903,1.4,1.495,1.6229,1.742,1.8514,2.1475
中债国债收益率曲线,2025-09-09,1.3765,1.4,1.4,1.495,1.6283,1.7495,1.8641,2.171
中债国债收益率曲线,2025-09-10,1.3767,1.4017,1.415,1.5048,1.6492,1.7795,1.8992,2.204
中债国债收益率曲线,2025-09-11,1.3768,1.4,1.4,1.4923,1.621,1.757,1.8743,2.208
中债国债收益率曲线,2025-09-12,1.3741,1.4,1.4,1.4973,1.6139,1.7445,1.867,2.184
中债国债收益率曲线,2025-09-15,1.3782,1.3956,1.3975,1.4973,1.6187,1.747,1.8724,2.1875
中债国债收益率曲线,2025-09-16,1.3783,1.3917,1.3975,1.5083,1.5891,1.717,1.8527,2.1675
中债国债收益率曲线,2025-09-17,1.3813,1.3998,1.395,1.4953,1.5688,1.7225,1.8349,2.15
中债国债收益率曲线,2025-09-18,1.3822,1.3993,1.3875,1.5053,1.5896,1.7607,1.8546,2.1701
中债国债收益率曲线,2025-09-19,1.3805,1.3998,1.39,1.5124,1.6186,1.7934,1.8789,2.1996
中债国债收益率曲线,2025-09-22,1.401,1.4079,1.3825,1.5049,1.6091,1.7791,1.8647,2.189
中债国债收益率曲线,2025-09-23,1.415,1.415,1.385,1.5245,1.6238,1.7967,1.877,2.215
中债国债收益率曲线,2025-09-24,1.4005,1.4082,1.39,1.5335,1.6477,1.8194,1.9022,2.2501
中债国债收益率曲线,2025-09-25,1.4004,1.4128,1.3925,1.5336,1.6398,1.8192,1.884,2.23
中债国债收益率曲线,2025-09-26,1.4,1.4,1.3825,1.5401,1.6234,1.8046,1.8768,2.217
中债国债收益率曲线,2025-09-28,1.4,1.4,1.3865,1.5359,1.6188,1.8075,1.8781,2.218
中债国债收益率曲线,2025-09-29,1.3802,1.4097,1.3825,1.5349,1.635,1.8152,1.887,2.242
中债国债收益率曲线,2025-09-30,1.3385,1.3897,1.3653,1.5204,1.6036,1.7733,1.8605,2.2461
中债国债收益率曲线,2025-10-09,1.3066,1.3982,1.3741,1.5144,1.5979,1.7651,1.8466,2.2629
中债国债收益率曲线,2025-10-10,1.3001,1.3884,1.3741,1.5198,1.605,1.7676,1.846,2.2829
中债国债收益率曲线,2025-10-11,1.2949,1.3833,1.3691,1.5029,1.5794,1.7428,1.8206,2.2328
中债国债收益率曲线,2025-10-13,1.3197,1.3791,1.3841,1.5114,1.5983,1.7654,1.8383,2.2729
中债国债收益率曲线,2025-10-14,1.3197,1.384,1.4091,1.5102,1.59,1.7483,1.8368,2.2678
中债国债收益率曲线,2025-10-15,1.3315,1.3877,1.4166,1.5183,1.5949,1.7561,1.8449,2.2603
中债国债收益率曲线,2025-10-16,1.3283,1.388,1.4166,1.5203,1.5975,1.7484,1.8407,2.2414
中债国债收益率曲线,2025-10-17,1.3269,1.3804,1.4434,1.514,1.5899,1.7359,1.8246,2.2002
中债国债收益率曲线,2025-10-20,1.3612,1.405,1.4713,1.536,1.6104,1.7617,1.8498,2.2162
中债国债收益率曲线,2025-10-21,1.3603,1.3959,1.4737,1.5311,1.6033,1.7517,1.8357,2.1871
中债国债收益率曲线,2025-10-22,1.3505,1.397,1.4789,1.5332,1.6027,1.7561,1.8293,2.1821
中债国债收益率曲线,2025-10-23,1.3509,1.3975,1.4764,1.5325,1.6061,1.7672,1.8391,2.1946
中债国债收益率曲线,2025-10-24,1.3524,1.3936,1.4716,1.5294,1.6174,1.7731,1.8486,2.2126
中债国债收益率曲线,2025-10-27,1.363,1.4014,1.4621,1.5169,1.6054,1.7574,1.8423,2.2031
中债国债收益率曲线,2025-10-28,1.3555,1.3865,1.4311,1.4655,1.5724,1.7235,1.8179,2.17
中债国债收益率曲线,2025-10-29,1.3165,1.3663,1.3918,1.4254,1.5783,1.7023,1.8208,2.177
中债国债收益率曲线,2025-10-30,1.2955,1.3522,1.3831,1.4132,1.5609,1.6834,1.8098,2.1625
中债国债收益率曲线,2025-10-31,1.2885,1.3535,1.3826,1.4146,1.5662,1.6768,1.7954,2.1431
中债国债收益率曲线,2025-11-03,1.2958,1.3544,1.3892,1.4211,1.5768,1.6819,1.7944,2.1376
中债国债收益率曲线,2025-11-04,1.2985,1.3662,1.3926,1.4311,1.5795,1.6872,1.7984,2.1421
中债国债收益率曲线,2025-11-05,1.2929,1.368,1.404,1.4452,1.5794,1.6884,1.7964,2.1391
中债国债收益率曲线,2025-11-06,1.2993,1.3754,1.4011,1.4479,1.5856,1.7015,1.81,2.1596
中债国债收益率曲线,2025-11-07,1.3093,1.3789,1.4045,1.4449,1.5873,1.7138,1.8142,2.1581
中债国债收益率曲线,2025-11-10,1.3355,1.3739,1.3994,1.4449,1.583,1.7066,1.8139,2.1476
中债国债收益率曲线,2025-11-11,1.3447,1.3682,1.4048,1.4384,1.5754,1.7073,1.8119,2.1537
中债国债收益率曲线,2025-11-12,1.3452,1.3713,1.409,1.438,1.568,1.7011,1.8071,2.1431
中债国债收益率曲线,2025-11-13,1.3429,1.3702,1.409,1.4405,1.5783,1.7075,1.8126,2.1491
中债国债收益率曲线,2025-11-14,1.3465,1.3701,1.4104,1.4397,1.5816,1.7128,1.814,2.1481
中债国债收益率曲线,2025-11-17,1.3798,1.3952,1.4064,1.4381,1.5846,1.7077,1.8109,2.1391
中债国债收益率曲线,2025-11-18,1.3811,1.4003,1.4056,1.4381,1.5899,1.7075,1.8121,2.1381
中债国债收益率曲线,2025-11-19,1.3857,1.4099,1.4027,1.4386,1.5953,1.7132,1.8179,2.1506
中债国债收益率曲线,2025-11-20,1.3844,1.4001,1.404,1.4356,1.5852,1.7012,1.8135,2.1531
中债国债收益率曲线,2025-11-21,1.3849,1.4002,1.4008,1.4348,1.5907,1.7053,1.8166,2.1576
中债国债收益率曲线,2025-11-24,1.3898,1.4098,1.4034,1.4348,1.5944,1.7001,1.821,2.1586
中债国债收益率曲线,2025-11-25,1.3905,1.4097,1.4052,1.4338,1.6019,1.7105,1.8301,2.1751
中债国债收益率曲线,2025-11-26,1.3922,1.4122,1.4067,1.4368,1.6203,1.7335,1.8462,2.1926
中债国债收益率曲线,2025-11-27,1.4073,1.4474,1.4093,1.4501,1.6304,1.7518,1.8537,2.2001
中债国债收益率曲线,2025-11-28,1.3987,1.4373,1.4017,1.4351,1.6183,1.7432,1.8412,2.1851
中债国债收益率曲线,2025-12-01,1.45,1.4391,1.4116,1.4353,1.6111,1.7351,1.8366,2.1901
中债国债收益率曲线,2025-12-02,1.4499,1.4336,1.4081,1.4369,1.6165,1.7387,1.8442,2.2051
中债国债收益率曲线,2025-12-03,1.43,1.4243,1.4116,1.4329,1.6196,1.743,1.8519,2.2351
中债国债收益率曲线,2025-12-04,1.4201,1.4248,1.4034,1.4357,1.646,1.7736,1.8718,2.2761
中债国债收益率曲线,2025-12-05,1.4149,1.4093,1.4016,1.4205,1.6322,1.7449,1.848,2.2571
中债国债收益率曲线,2025-12-08,1.415,1.4091,1.4014,1.4155,1.6348,1.7424,1.8499,2.2577
中债国债收益率曲线,2025-12-09,1.3975,1.3806,1.3969,1.4131,1.6299,1.7332,1.8425,2.2527
中债国债收益率曲线,2025-12-10,1.3901,1.395,1.3951,1.4109,1.6266,1.7304,1.8447,2.2412
中债国债收益率曲线,2025-12-11,1.3804,1.3898,1.3879,1.4109,1.6173,1.7205,1.8404,2.2252
中债国债收益率曲线,2025-12-12,1.3706,1.3819,1.3879,1.4161,1.6279,1.741,1.8396,2.2487
中债国债收益率曲线,2025-12-15,1.3881,1.3925,1.3872,1.4214,1.6391,1.7563,1.8488,2.2792
中债国债收益率曲线,2025-12-16,1.3779,1.385,1.3822,1.4213,1.6362,1.7493,1.8458,2.2802
中债国债收益率曲线,2025-12-17,1.376,1.3849,1.3797,1.4136,1.6241,1.7353,1.834,2.2422
中债国债收益率曲线,2025-12-18,1.3535,1.3607,1.3747,1.3986,1.6201,1.7368,1.8356,2.2512
中债国债收益率曲线,2025-12-19,1.35,1.35,1.3547,1.3941,1.6021,1.7258,1.8308,2.2252
中债国债收益率曲线,2025-12-22,1.3202,1.35,1.3547,1.3951,1.6083,1.7393,1.8415,2.2412
中债国债收益率曲线,2025-12-23,1.2954,1.3394,1.3422,1.3856,1.5957,1.7163,1.8352,2.2232
中债国债收益率曲线,2025-12-24,1.2905,1.3344,1.3372,1.3784,1.5991,1.7083,1.8356,2.2202
中债国债收益率曲线,2025-12-25,1.3056,1.3243,1.3072,1.3682,1.6028,1.7138,1.8386,2.2252
中债国债收益率曲线,2025-12-26,1.3053,1.3185,1.2872,1.3627,1.5948,1.7033,1.8376,2.2233
中债国债收益率曲线,2025-12-29,1.283,1.3398,1.3322,1.3762,1.6168,1.7256,1.8584,2.2583
中债国债收益率曲线,2025-12-30,1.2657,1.3398,1.3372,1.378,1.6303,1.7333,1.8582,2.2628
中债国债收益率曲线,2025-12-31,1.2657,1.3398,1.3372,1.383,1.6309,1.7359,1.8473,2.2674
