record_date,tot_pub_debt_out_amt,debt_held_public_amt,intragov_hold_amt
2026-04-20,38992782604302.01,31343959370344.72,7648823233957.29
2026-04-17,38979318629209.68,31344221423413.60,7635097205796.08
2026-04-16,38985997093766.37,31359379088304.58,7626618005461.79
2026-04-15,38988471242937.32,31374528030445.60,7613943212491.72
2026-04-14,38933404100463.29,31327076933755.06,7606327166708.23
2026-04-13,38954924765330.86,31364172953118.05,7590751812212.81
2026-04-10,38946541987812.28,31363210882603.11,7583331105209.17
2026-04-09,38942790613086.55,31364679558344.11,7578111054742.44
2026-04-08,38949925615242.17,31373299420088.83,7576626195153.34
2026-04-07,38969941867504.03,31371921154820.79,7598020712683.24
2026-04-06,38994100716395.00,31413833699845.38,7580267016549.62
2026-04-03,38981755126540.77,31409491869379.24,7572263257161.53
2026-04-02,39000264506637.00,31409363156320.44,7590901350316.56
2026-04-01,39016191534959.54,31431328591198.51,7584862943761.03
2026-03-31,39065421393640.82,31431182280136.26,7634239113504.56
2026-03-30,39023028185485.25,31385929126772.90,7637099058712.35
2026-03-27,39015632027421.67,31388492802178.27,7627139225243.40
2026-03-26,38990389667489.38,31361115540758.11,7629274126731.27
2026-03-25,38990599081861.70,31363230287736.49,7627368794125.21
2026-03-24,38999855700424.49,31362014213440.21,7637841486984.28
2026-03-23,39006945786204.79,31385566969958.40,7621378816246.39
2026-03-20,39002071364584.97,31384605282290.22,7617466082294.75
2026-03-19,39002265870014.23,31385414419029.53,7616851450984.70
2026-03-18,38976827976841.63,31364647874667.34,7612180102174.29
2026-03-17,39016762910245.14,31379706593178.71,7637056317066.43
2026-03-16,38992187847500.92,31381345411579.55,7610842435921.37
2026-03-13,38902637810572.47,31300165451609.92,7602472358962.55
2026-03-12,38900879040970.80,31300175076619.99,7600703964350.81
2026-03-11,38882422422396.88,31285946384224.81,7596476038172.07
2026-03-10,38918862057676.91,31298790579980.06,7620071477696.85
2026-03-09,38882801672400.64,31280623244306.89,7602178428093.75
2026-03-06,38869818249468.38,31280012029379.25,7589806220089.13
2026-03-05,38873529611754.22,31281694069404.27,7591835542349.95
2026-03-04,38857671304563.85,31271271922985.85,7586399381578.00
2026-03-03,38853352399880.18,31268820109081.36,7584532290798.82
2026-03-02,38824463573452.26,31244382920777.66,7580080652674.60
2026-02-27,38769805982273.81,31186965290815.89,7582840691457.92
2026-02-26,38789591923403.59,31149029033685.39,7640562889718.20
2026-02-25,38764882203837.59,31126463055912.55,7638419147925.04
2026-02-24,38787781432126.22,31129399758399.04,7658381673727.18
2026-02-23,38758072042435.60,31113461801511.79,7644610240923.81
2026-02-20,38749020004219.30,31113584300966.47,7635435703252.83
2026-02-19,38743577500254.48,31112549990945.54,7631027509308.94
2026-02-18,38717487211821.37,31088483280078.60,7629003931742.77
2026-02-17,38720327822350.87,31087884326300.86,7632443496050.01
2026-02-13,38647355475525.93,31031921227566.66,7615434247959.27
2026-02-12,38647755796057.39,31032365231612.70,7615390564444.69
2026-02-11,38620772876638.50,31009198594125.31,7611574282513.19
2026-02-10,38645729764967.98,31010830716181.61,7634899048786.37
2026-02-09,38593206197018.13,30969105519646.32,7624100677371.81
2026-02-06,38588547251497.72,30969650188685.63,7618897062812.09
2026-02-05,38587617094083.77,30974189194630.76,7613427899453.01
2026-02-04,38564513699490.46,30956315394310.42,7608198305180.04
2026-02-03,38564278020214.60,30957184531162.23,7607093489052.37
2026-02-02,38515650269880.94,30915426727781.28,7600223542099.66
2026-01-30,38521368112341.66,30919122670062.31,7602245442279.35
2026-01-29,38568501122811.36,30898303196814.87,7670197925996.49
2026-01-28,38542542471886.84,30876617956619.42,7665924515267.42
2026-01-27,38567114207655.70,30878428226102.52,7688685981553.18
2026-01-26,38513523578580.59,30839469782091.59,7674053796489.00
2026-01-23,38491020558407.85,30839033479994.45,7651987078413.40
2026-01-22,38490798138585.90,30841780130036.30,7649018008549.60
2026-01-21,38473375474319.00,30825455797755.52,7647919676563.48
2026-01-20,38484705102395.33,30824259874597.25,7660445227798.08
2026-01-16,38460239071716.76,30811997567291.18,7648241504425.58
2026-01-15,38453108492348.67,30811929736380.71,7641178755967.96
2026-01-14,38396062667874.39,30787151283904.07,7608911383970.32
2026-01-13,38433852753680.03,30786665721842.47,7647187031837.56
2026-01-12,38437700892419.68,30802877100962.48,7634823791457.20
2026-01-09,38433330126292.37,30803872985803.55,7629457140488.82
2026-01-08,38432587259757.29,30806172192100.19,7626415067657.10
2026-01-07,38432287507801.52,30810025746721.36,7622261761080.16
2026-01-06,38430410089259.84,30809021616341.38,7621388472918.46
2026-01-05,38441088237227.94,30829627778734.90,7611460458493.04
2026-01-02,38422818570606.72,30830898741274.12,7591919829332.60
2025-12-31,38514009184232.72,30846716536213.26,7667292648019.46
2025-12-30,38372153717621.09,30758836564019.29,7613317153601.80
2025-12-29,38386384190622.68,30788927240091.41,7597456950531.27
2025-12-26,38380536147996.03,30789162165471.37,7591373982524.66
2025-12-24,38352846701813.17,30767152990652.20,7585693711160.97
2025-12-23,38375349596930.58,30765540678107.58,7609808918823.00
2025-12-22,38378413234316.13,30804343347355.44,7574069886960.69
2025-12-19,38372869364189.14,30804983565149.29,7567885799039.85
2025-12-18,38375371484790.79,30807754246644.19,7567617238146.60
2025-12-17,38378996619785.02,30816952898858.15,7562043720926.87
2025-12-16,38396179577012.10,30816834775843.42,7579344801168.68
2025-12-15,38419380255240.59,30852855298143.76,7566524957096.83
2025-12-12,38339541810902.33,30774528464721.58,7565013346180.75
2025-12-11,38349795034550.24,30787372595984.82,7562422438565.42
2025-12-10,38352200418068.14,30793542262019.16,7558658156048.98
2025-12-09,38377110471869.66,30793663184220.67,7583447287648.99
2025-12-08,38395956139411.28,30822913626328.95,7573042513082.33
2025-12-05,38390532833611.70,30822518818972.69,7568014014639.01
2025-12-04,38389369875885.10,30824381406045.22,7564988469839.88
2025-12-03,38403532042006.28,30843637085897.30,7559894956108.98
2025-12-02,38423764679404.02,30843863156002.45,7579901523401.57
2025-12-01,38425673178874.63,30853068463300.35,7572604715574.28
2025-11-28,38396211497613.65,30774117238206.31,7622094259407.34
2025-11-26,38335267983846.11,30720877603388.67,7614390380457.44
2025-11-25,38360841844745.79,30722912264691.05,7637929580054.74
2025-11-24,38336291718985.39,30706241277353.57,7630050441631.82
2025-11-21,38333530047031.29,30706639126551.86,7626890920479.43
2025-11-20,38326967559564.53,30707975239396.64,7618992320167.89
2025-11-19,38299373085978.18,30687812251917.30,7611560834060.88
2025-11-18,38265355580035.02,30690574250262.63,7574781329772.39
2025-11-17,38181184806486.51,30675159827981.92,7506024978504.59
2025-11-14,38153732193790.00,30654607353084.03,7499124840705.97
2025-11-13,38150716416656.92,30653919436694.72,7496796979962.20
2025-11-12,38121217149187.64,30629115020089.01,7492102129098.63
2025-11-10,38125731687631.03,30613346931589.27,7512384756041.76
2025-11-07,38117224885993.65,30611508844516.16,7505716041477.49
2025-11-06,38118268221748.03,30610666797441.52,7507601424306.51
2025-11-05,38091526352867.96,30589653976794.86,7501872376073.10
2025-11-04,38047239753103.02,30588445700448.40,7458794052654.62
2025-11-03,38004366480104.18,30567833810363.02,7436532669741.16
2025-10-31,38040093786521.02,30570708483009.12,7469385303511.90
2025-10-30,38108930250279.00,30516171709909.29,7592758540369.71
2025-10-29,38078544144158.23,30490067642291.03,7588476501867.20
2025-10-28,38076934220531.56,30490669166603.18,7586265053928.38
2025-10-27,38042191742752.61,30463894199662.03,7578297543090.58
2025-10-24,38009025959457.40,30462318457750.69,7546707501706.71
2025-10-23,38008137064951.61,30462505791396.93,7545631273554.68
2025-10-22,37990672926605.56,30439169276342.86,7551503650262.70
2025-10-21,38019813354700.26,30437767080384.89,7582046274315.37
2025-10-20,37980273670431.33,30407775576424.92,7572498094006.41
2025-10-17,37977305836407.32,30407496862775.24,7569808973632.08
2025-10-16,37966553856331.42,30406659067650.88,7559894788680.54
2025-10-15,37942635331189.62,30383102547724.69,7559532783464.93
2025-10-14,37918956045703.85,30344240501849.17,7574715543854.68
2025-10-10,37885436585424.63,30315775357225.49,7569661228199.14
2025-10-09,37883930412462.39,30315050520795.47,7568879891666.92
2025-10-08,37863837866592.00,30300449106850.14,7563388759741.86
2025-10-07,37889756572760.44,30302393668027.57,7587362904732.87
2025-10-06,37863241283552.57,30284583976614.40,7578657306938.17
2025-10-03,37852655815448.95,30283066232826.22,7569589582622.73
2025-10-02,37881842797107.39,30285435150302.49,7596407646804.90
2025-10-01,37864059502725.70,30275547632000.40,7588511870725.30
2025-09-30,37637553494935.61,30277766440770.58,7359787054165.03
2025-09-29,37506453566221.20,30183798697434.94,7322654868786.26
2025-09-26,37499704495767.33,30184180191221.72,7315524304545.61
2025-09-25,37467893078454.54,30155538367056.52,7312354711398.02
2025-09-24,37454537246248.71,30144752790618.94,7309784455629.77
2025-09-23,37469695592279.39,30143073922487.06,7326621669792.33
2025-09-22,37511743906522.52,30198287082014.00,7313456824508.52
2025-09-19,37505753023219.84,30197443850677.82,7308309172542.02
2025-09-18,37509824280685.29,30200452994946.00,7309371285739.29
2025-09-17,37492636705736.22,30185927497582.21,7306709208154.01
2025-09-16,37502758153725.95,30185858953772.60,7316899199953.35
2025-09-15,37533982585305.57,30235402349560.97,7298580235744.60
2025-09-12,37461799057660.24,30156635899566.90,7305163158093.34
2025-09-11,37470833295098.68,30156524547639.58,7314308747459.10
2025-09-10,37450743855028.23,30141501721759.29,7309242133268.94
2025-09-09,37473887187237.77,30141157463769.15,7332729723468.62
2025-09-08,37440609216979.63,30121188716571.55,7319420500408.08
2025-09-05,37433588261516.55,30121223541151.12,7312364720365.43
2025-09-04,37430128115822.76,30121675356508.43,7308452759314.33
2025-09-03,37412679963880.17,30106522172043.14,7306157791837.03
2025-09-02,37413538427516.19,30105889987086.45,7307648440429.74
2025-08-29,37274265917907.03,29968531307467.56,7305734610439.47
2025-08-28,37310153970210.76,29931514784077.08,7378639186133.68
2025-08-27,37283968901443.54,29904188921878.34,7379779979565.20
2025-08-26,37204886498253.39,29905784737041.34,7299101761212.05
2025-08-25,37254222904720.97,29858744380962.86,7395478523758.11
2025-08-22,37234066149278.96,29858032327748.39,7376033821530.57
2025-08-21,37232288662023.91,29860626144050.13,7371662517973.78
2025-08-20,37180190981823.32,29814986079837.20,7365204901986.12
2025-08-19,37208856314804.55,29818545456535.64,7390310858268.91
2025-08-18,37144076750410.16,29771882958785.37,7372193791624.79
2025-08-15,37137282641767.74,29771410762345.73,7365871879422.01
2025-08-14,37089430594354.58,29741150322937.10,7348280271417.48
2025-08-13,37045338077527.04,29698492660209.76,7346845417317.28
2025-08-12,37070422809316.32,29698694854602.48,7371727954713.84
2025-08-11,37004817625842.56,29643534539743.71,7361283086098.85
2025-08-08,36998491853555.08,29642973771492.29,7355518082062.79
2025-08-07,36996205967149.22,29642704925910.30,7353501041238.92
2025-08-06,36950459859111.56,29601946000343.28,7348513858768.28
2025-08-05,36930452345865.16,29601407493123.21,7329044852741.95
2025-08-04,36828164797914.31,29523300148538.85,7314864649375.46
2025-08-01,36826902934749.25,29522548953929.98,7304353980819.27
2025-07-31,36916987311998.03,29531340715980.52,7385646596017.51
2025-07-30,36802240561898.39,29422821531852.86,7379419030045.53
2025-07-29,36803837518918.21,29423243369055.06,7380594149863.15
2025-07-28,36734926076305.30,29361632076260.01,7373294000045.29
2025-07-25,36732899946782.52,29361462754830.93,7371437191951.59
2025-07-24,36721531033602.97,29361169407599.91,7360361626003.06
2025-07-23,36686937742311.50,29332905580399.32,7354032161912.18
2025-07-22,36711532407363.75,29332747751071.01,7378784656292.74
2025-07-21,36661693720250.59,29297584848407.38,7364108871843.21
2025-07-18,36653918652499.85,29296992044459.47,7356926608040.38
2025-07-17,36655280579113.61,29296842992143.18,7358437586970.43
2025-07-16,36627854976862.70,29279025456139.46,7348829520723.24
2025-07-15,36651611116545.83,29278468201107.89,7373142915437.94
2025-07-14,36598345542154.94,29235163076403.79,7363182465751.15
2025-07-11,36595800737387.36,29236040429582.10,7359760307805.26
2025-07-10,36595101611079.13,29237384936665.31,7357716674413.82
2025-07-09,36600645372974.92,29245895802163.13,7354749570811.79
2025-07-08,36625815401249.79,29246985005461.02,7378830395788.77
2025-07-07,36582313190019.76,29217069454544.59,7365243735475.17
2025-07-03,36215869297299.75,29030139887675.69,7185729409624.06
2025-07-02,36213797741182.40,29010089016490.07,7203708724692.33
2025-07-01,36214482241911.14,29015375786023.67,7199106455887.47
2025-06-30,36211469351821.31,28953496505343.54,7257972846477.77
2025-06-27,36215124313382.16,28886926501740.70,7328197811641.46
2025-06-26,36215806064740.36,28887012425608.74,7328793639131.62
2025-06-25,36213869568117.00,28888758862953.29,7325110705163.71
2025-06-24,36214553337753.25,28860859190127.59,7353694147625.66
2025-06-23,36213808426999.56,28890044591558.48,7323763835441.08
2025-06-20,36215873428835.86,28900785723043.42,7315087705792.44
2025-06-18,36214707136233.83,28905136181836.44,7309570954397.39
2025-06-17,36215397741847.76,28884822109662.55,7330575632185.21
2025-06-16,36214669844058.55,28907522231455.10,7307147612603.45
2025-06-13,36216756516461.68,28943677590027.96,7273078926433.72
2025-06-12,36217452092903.81,28944696357421.28,7272755735482.53
2025-06-11,36213581723797.07,28947461766728.03,7266119957069.04
2025-06-10,36214280590105.74,28925282868405.29,7288997721700.45
2025-06-09,36213572785415.03,28937734806745.08,7275837978669.95
2025-06-06,36215685263667.36,28947314928888.42,7268370334778.94
2025-06-05,36216389414480.21,28949058827202.60,7267330587277.61
2025-06-04,36214501400213.64,28953597578775.68,7260903821437.96
2025-06-03,36215207426690.65,28964890579889.10,7250316846801.55
2025-06-02,36214400664854.53,28956814642277.72,7257586022576.81
2025-05-30,36215818399936.85,28952461153000.13,7263357246936.72
2025-05-29,36215176317298.42,28871680706822.26,7343495610476.16
2025-05-28,36213141126266.06,28867570378120.42,7345570748145.64
2025-05-27,36213853751952.05,28856796025402.94,7357057726549.11
2025-05-23,36215088402345.87,28863100025246.62,7351988377099.25
2025-05-22,36215801485838.54,28875495146667.02,7340306339171.52
2025-05-21,36213761221110.82,28877912012097.42,7335849209013.40
2025-05-20,36214475432210.84,28855901031670.00,7358574400540.84
2025-05-19,36213570763720.98,28867568836311.34,7346001927409.64
2025-05-16,36215714628553.09,28877878941841.26,7337835686711.83
2025-05-15,36216429412019.81,28880432375776.61,7335997036243.20
2025-05-14,36212261421742.89,28883690101680.60,7328571320062.29
2025-05-13,36212978908050.01,28858866133930.92,7354112774119.09
2025-05-12,36212036164590.27,28873314691669.41,7338721472920.86
2025-05-09,36214181120572.57,28879730647251.10,7334450473321.47
2025-05-08,36214896100379.00,28879495109710.33,7335400990668.67
2025-05-07,36212886111158.26,28885833651968.10,7327052459190.16
2025-05-06,36213602874250.21,28888855819827.73,7324747054422.48
2025-05-05,36212710389147.45,28900702282928.55,7312008106218.90
2025-05-02,36214860183509.71,28913077198269.89,7301782985239.82
2025-05-01,36215576799286.87,28910031708449.29,7305545090837.58
2025-04-30,36213557195810.65,28852660949319.21,7360896246491.44
2025-04-29,36214714517960.73,28870044615160.41,7344669902800.32
2025-04-28,36213820164200.18,28880205893953.10,7333614270247.08
2025-04-25,36215973825751.09,28886705983824.00,7329267841927.09
2025-04-24,36216691721516.53,28886899281587.33,7329792439929.20
2025-04-23,36214749867321.42,28901934804636.80,7312815062684.62
2025-04-22,36215469660763.20,28885292677312.48,7330176983450.72
2025-04-21,36214577610342.96,28897595263583.41,7316982346759.55
2025-04-18,36216754420662.27,28904329571387.04,7312424849275.23
2025-04-17,36217480035223.27,28913508876197.06,7303971159026.21
2025-04-16,36213590712228.65,28917184309983.82,7296406402244.83
2025-04-15,36214325271235.26,28904113909824.41,7310211361410.85
2025-04-14,36212761633585.77,28942462559586.95,7270299073998.82
2025-04-11,36214966389282.11,28952083890117.20,7262882499164.91
2025-04-10,36215701317831.94,28952824025915.61,7262877291916.33
2025-04-09,36213771222289.59,28958991840990.14,7254779381299.45
2025-04-08,36214508751190.01,28936031572664.84,7278477178525.17
2025-04-07,36213561491981.13,28947771026214.14,7265790465766.99
2025-04-04,36215761618891.11,28956155080112.68,7259606538778.43
2025-04-03,36216495027787.96,28960433646738.55,7256061381049.41
2025-04-02,36214426211363.76,28941616891545.06,7272809319818.70
2025-04-01,36215156673113.80,28945058837872.08,7270097835241.72
2025-03-31,36214310420174.13,28909508850275.58,7304801569898.55
2025-03-28,36216470672037.87,28918637682348.73,7297832989689.14
2025-03-27,36217204329840.19,28921459406910.63,7295744922929.56
2025-03-26,36215356534171.37,28922608710230.04,7292747823941.33
2025-03-25,36216093287593.75,28900194597054.75,7315898690539.00
2025-03-24,36215258907037.79,28924757833909.66,7290501073128.13
2025-03-21,36217481307084.84,28927403024844.31,7290078282240.53
2025-03-20,36218222045186.34,28931004380785.40,7287217664400.94
2025-03-19,36214467819348.16,28931615276590.47,7282852542757.69
2025-03-18,36215212669334.38,28908695063079.12,7306517606255.26
2025-03-17,36214394370510.05,28928035225282.57,7286359145227.48
2025-03-14,36216656361372.88,28937109052409.72,7279547308963.16
2025-03-13,36217410341236.57,28910212445754.95,7307197895481.62
2025-03-12,36215588741627.31,28912908316119.90,7302680425507.41
2025-03-11,36216346495438.75,28890925430619.29,7325421064819.46
2025-03-10,36215535706949.98,28903192097197.00,7312343609752.98
2025-03-07,36217824184013.37,28909913656084.00,7307910527929.37
2025-03-06,36218587006168.51,28910964000416.83,7307623005751.68
2025-03-05,36216695558849.86,28904524826408.57,7312170732441.29
2025-03-04,36217457726432.81,28906019720336.11,7311438006096.70
2025-03-03,36216627186278.78,28930823432033.66,7285803754245.12
2025-02-28,36218923369370.10,28914410587820.34,7304512781549.76
2025-02-27,36221949836006.93,28855106718012.13,7366843117994.80
2025-02-26,36219980655775.79,28855309766407.65,7364670889368.14
2025-02-25,36220749649855.42,28837112928950.54,7383636720904.88
2025-02-24,36219878534361.59,28846869977339.96,7373008557021.63
2025-02-21,36222211606919.46,28862508705242.94,7359702901676.52
2025-02-20,36222989450273.97,28869749063206.15,7353240387067.82
2025-02-19,36218812100137.31,28878510874731.94,7340301225405.37
2025-02-18,36219592701106.67,28876078679117.80,7343514021988.87
2025-02-14,36218983690427.99,28895337232003.27,7323646458424.72
2025-02-13,36219764087577.56,28896004938072.67,7323759149504.89
2025-02-12,36217487855772.08,28896394701632.10,7321093154139.98
2025-02-11,36218268281356.50,28873690527396.65,7344577753959.85
2025-02-10,36217244743854.40,28882844331495.71,7334400412358.69
2025-02-07,36219581958530.58,28891246579142.97,7328335379387.61
2025-02-06,36220361045794.81,28892938412549.80,7327422633245.01
2025-02-05,36218123595894.41,28895705607248.80,7322417988645.61
2025-02-04,36218901460828.96,28897398320943.43,7321503139885.53
2025-02-03,36217878252518.89,28923985500400.02,7293892752118.87
2025-01-31,36220206738047.96,28911508658693.08,7308698079354.88
2025-01-30,36221443082611.85,28850151178663.95,7371291903947.90
2025-01-29,36219161589293.08,28852559462378.04,7366602126915.04
2025-01-28,36219937278825.22,28851969423506.15,7367967855319.07
2025-01-27,36218906298311.33,28862375452519.97,7356530845791.36
2025-01-24,36221228533802.26,28881218302457.27,7340010231344.99
2025-01-23,36222002723844.24,28880821900250.34,7341180823593.90
2025-01-22,36217491332226.53,28863025857989.46,7354465474237.07
2025-01-21,36218258403326.35,28863463959281.89,7354794444044.46
2025-01-17,36206593315575.15,28845583131561.83,7361010184013.32
2025-01-16,36197510998407.58,28846012162618.21,7351498835789.37
2025-01-15,36174170135464.01,28832351544946.26,7341818590517.75
2025-01-14,36200906538154.24,28850228995216.85,7350677542937.39
2025-01-13,36173455107711.11,28832556245721.97,7340898861989.14
2025-01-10,36169520000045.49,28832716210040.45,7336803790005.04
2025-01-09,36166393613679.73,28832160356396.23,7334233257283.50
2025-01-08,36153745342266.30,28824060020226.11,7329685322040.19
2025-01-07,36178676019215.59,28826479434779.86,7352196584435.73
2025-01-06,36171792705159.98,28832259211211.08,7339533493948.90
2025-01-03,36164146727045.82,28831651555267.15,7332495171778.67
2025-01-02,36169957618760.21,28831964741779.76,7337992876980.45
2024-12-31,36218605311689.91,28836996111881.81,7381609199808.10
2024-12-30,36150157230460.04,28821350185471.75,7328807044988.29
2024-12-27,36144183375647.43,28822584881480.95,7321598494166.48
2024-12-26,36112807709307.61,28794989291882.50,7317818417425.11
2024-12-24,36146819184367.10,28839543803673.77,7307275380693.33
2024-12-23,36190276558466.62,28865105876886.59,7325170681580.03
2024-12-20,36161621015445.57,28864783375019.35,7296837640426.22
2024-12-19,36167124467492.90,28870054568670.25,7297069898822.65
2024-12-18,36167604149955.61,28875451168038.78,7292152981916.83
2024-12-17,36189345826140.62,28876690689081.36,7312655137059.26
2024-12-16,36192895704983.65,28901403659573.18,7291492045410.47
2024-12-13,36134075633938.69,28846613864721.94,7287461769216.75
2024-12-12,36133463898632.02,28846561718955.86,7286902179676.16
2024-12-11,36132520515276.53,28849932499916.86,7282588015359.67
2024-12-10,36163442396226.61,28858224127746.27,7305218268480.34
2024-12-09,36172195279062.94,28874168830835.46,7298026448227.48
2024-12-06,36166037570457.33,28874999106506.03,7291038463951.30
2024-12-05,36167364938108.44,28877400152221.15,7289964785887.29
2024-12-04,36170511547438.85,28882393374551.42,7288118172887.43
2024-12-03,36169413863866.88,28883514581503.88,7285899282363.00
2024-12-02,36171181955284.36,28878760944937.34,7292421010347.02
2024-11-29,36087362960612.00,28791207744535.64,7296155216076.36
2024-11-27,36090597225804.43,28735907867644.94,7354689358159.49
2024-11-26,36113570535802.53,28736542181892.50,7377028353910.03
2024-11-25,36052650894794.76,28689638049359.94,7363012845434.82
2024-11-22,36047523137936.35,28689193665601.50,7358329472334.85
2024-11-21,36034994586981.97,28688857681958.64,7346136905023.33
2024-11-20,35973905978114.70,28634759575097.22,7339146403017.48
2024-11-19,35992291043718.85,28634183281951.62,7358107761767.23
2024-11-18,35963976342723.91,28620973630175.80,7343002712548.11
2024-11-15,35959176987940.11,28621283646779.39,7337893341160.72
2024-11-14,35965533024604.05,28632426082432.23,7333106942171.82
2024-11-13,35950262427779.69,28617935465098.64,7332326962681.05
2024-11-12,35963765584299.24,28620032996715.49,7343732587583.75
2024-11-08,35945396362475.20,28606361080480.36,7339035281994.84
2024-11-07,35943554220297.64,28607118813413.31,7336435406884.33
2024-11-06,35912058541218.85,28582117963923.50,7329940577295.35
2024-11-05,35911107598198.18,28582003195921.21,7329104402276.97
2024-11-04,35884401015854.36,28566347626909.66,7318053388944.70
2024-11-01,35866603223541.48,28567525956804.76,7299077266736.72
2024-10-31,35951601173936.02,28572149038424.26,7379452135511.76
2024-10-30,35847012590067.17,28470182494958.74,7376830095108.43
2024-10-29,35848521510437.02,28469426993796.14,7379094516640.88
2024-10-28,35817406407906.45,28449760812902.59,7367645595003.86
2024-10-25,35815392559823.53,28451878560753.69,7363513999069.84
2024-10-24,35809157751119.80,28452334402813.93,7356823348305.87
2024-10-23,35777371535343.63,28422500201162.20,7354871334181.43
2024-10-22,35802822173836.96,28423306636632.38,7379515537204.58
2024-10-21,35772750214886.62,28403842285305.15,7368907929581.47
2024-10-18,35769732147503.35,28403747282300.49,7365984865202.86
2024-10-17,35769084471524.38,28404121037347.13,7364963434177.25
2024-10-16,35743513547464.87,28386150164608.48,7357363382856.39
2024-10-15,35751271808625.45,28383518035772.03,7367753772853.42
2024-10-11,35707319682513.26,28351123484517.83,7356196197995.43
2024-10-10,35680634083932.18,28353945611403.78,7326688472528.40
2024-10-09,35693841261552.04,28341479458057.01,7352361803495.03
2024-10-08,35717705665132.67,28341720350763.38,7375985314369.29
2024-10-07,35682617798771.80,28321844291432.89,7360773507338.91
2024-10-04,35680514816032.92,28323365082799.83,7357149733233.09
2024-10-03,35677796842519.70,28322639420813.57,7355157421706.13
2024-10-02,35677760608035.45,28313722594978.62,7364038013056.83
2024-10-01,35668947367182.09,28312629054720.67,7356318312461.42
2024-09-30,35464673929171.69,28307312290783.00,7157361638388.69
2024-09-27,35321337344400.43,28208786657768.96,7112550686631.47
2024-09-26,35296367284952.26,28182178946545.80,7114188338406.46
2024-09-25,35303965164452.88,28194235452983.90,7109729711468.98
2024-09-24,35324325476368.35,28195893512737.15,7128431963631.20
2024-09-23,35324636379347.22,28215447150317.52,7109189229029.70
2024-09-20,35319710736132.06,28214574834140.68,7105135901991.38
2024-09-19,35327646622839.45,28220680267543.24,7106966355296.21
2024-09-18,35331269621113.08,28228475054525.36,7102794566587.72
2024-09-17,35350842310771.10,28227359906344.68,7123482404426.42
2024-09-16,35346469569597.74,28245785759097.01,7100683810500.73
2024-09-13,35268781589361.92,28188906439845.65,7079875149516.27
2024-09-12,35273879754917.38,28193985562400.05,7079894192517.33
2024-09-11,35309184612870.00,28232460501393.03,7076724111476.97
2024-09-10,35331161690593.41,28232619428904.84,7098542261688.57
2024-09-09,35346632271646.61,28253299707543.31,7093332564103.30
2024-09-06,35343086505566.21,28253281258134.21,7089805247432.00
2024-09-05,35345572154736.15,28258350864244.38,7087221290491.77
2024-09-04,35343824738015.02,28254186047367.95,7089638690647.07
2024-09-03,35319686640609.98,28252444995767.33,7067241644842.65
2024-08-30,35256056842790.06,28168005045836.45,7088051796953.61
2024-08-29,35279776145434.29,28132284797344.23,7147491348090.06
2024-08-28,35269696270863.86,28122421845095.35,7147274425768.51
2024-08-27,35289492003154.99,28122457986740.07,7167034016414.92
2024-08-26,35225184901185.83,28066894450384.91,7158290450800.92
2024-08-23,35213967100485.15,28067340611051.07,7146626489434.08
2024-08-22,35210350799546.12,28067310011637.03,7143040787909.09
2024-08-21,35193999279273.78,28056284385951.98,7137714893321.80
2024-08-20,35215900370093.07,28055639080735.21,7160261289357.86
2024-08-19,35178034113238.07,28030148229238.57,7147885883999.50
2024-08-16,35167228191213.46,28030070022009.33,7137158169204.13
2024-08-15,35169163778240.35,28032945816619.67,7136217961620.68
2024-08-14,35137624661984.40,28017226473416.87,7120398188567.53
2024-08-13,35160349582384.67,28017164049453.46,7143185532931.21
2024-08-12,35126850161739.27,27992486779604.18,7134363382135.09
2024-08-09,35122527132406.43,27991430891417.81,7131096240988.62
2024-08-08,35123327978028.47,27992303945196.96,7131024032831.51
2024-08-07,35094756345920.31,27969804303787.95,7124952042132.36
2024-08-06,35085786495843.24,27969087300801.08,7116699195042.16
2024-08-05,35059256376453.14,27945957511453.95,7113298864999.19
2024-08-02,35051428694554.99,27946832554647.40,7104596139907.59
2024-08-01,35059402347141.52,27946897741746.23,7112504605395.29
2024-07-31,35104770649301.03,27930511528793.83,7174259120507.20
2024-07-30,35043209977687.27,27864367559006.15,7178842418681.12
2024-07-29,35004415930299.00,27834326750512.37,7170089179786.63
2024-07-26,35001278179208.67,27834220424052.01,7167057755156.66
2024-07-25,34997540505103.33,27834323519790.43,7163216985312.90
2024-07-24,34969578299467.18,27817951354978.31,7151626944488.87
2024-07-23,34988121329285.52,27817639139025.78,7170482190259.74
2024-07-22,34950138997139.35,27793300671842.76,7156838325296.59
2024-07-19,34944251830592.92,27793280970095.10,7150970860497.82
2024-07-18,34945963278406.29,27794421298152.71,7151541980253.58
2024-07-17,34923277120226.95,27775355611306.52,7147921508920.43
2024-07-16,34940154193610.64,27775830463860.98,7164323729749.66
2024-07-15,34911647554064.35,27750724960754.60,7160922593309.75
2024-07-12,34889213426967.08,27734096471188.88,7155116955778.20
2024-07-11,34888939546525.91,27733802372114.60,7155137174411.31
2024-07-10,34861321658685.01,27710406330174.17,7150915328510.84
2024-07-09,34884371510047.60,27709504208843.50,7174867301204.10
2024-07-08,34857390059828.10,27693672925726.72,7163717134101.38
2024-07-05,34852201287595.04,27693475216355.36,7158726071239.68
2024-07-03,34847568990054.13,27696496266059.51,7151072723994.62
2024-07-02,34866040431327.31,27696947664513.33,7169092766813.98
2024-07-01,34841059628786.80,27686611898025.85,7154447730760.95
2024-06-28,34831634431393.47,27612896549329.17,7218737882064.30
2024-06-27,34722776927246.15,27564579398180.52,7158197529065.63
2024-06-26,34724689266963.11,27581121643497.46,7143567623465.65
2024-06-25,34748398688455.49,27580828533331.25,7167570155124.24
2024-06-24,34748602469986.14,27594422516851.49,7154179953134.65
2024-06-21,34733747766164.31,27594481222617.96,7139266543546.35
2024-06-20,34725850323608.22,27596094209621.92,7129756113986.30
2024-06-18,34734110906935.60,27614043126341.21,7120067780594.39
2024-06-17,34750498829987.55,27627953593560.50,7122545236427.05
2024-06-14,34681081398133.85,27571224186740.96,7109857211392.89
2024-06-13,34683580629557.70,27572656623723.99,7110924005833.71
2024-06-12,34681313704677.46,27576420914357.70,7104892790319.76
2024-06-11,34702935789016.26,27576833611186.52,7126102177829.74
2024-06-10,34709420097175.88,27590884592514.35,7118535504661.53
2024-06-07,34672892047832.53,27590412991651.25,7082479056181.28
2024-06-06,34670632654267.19,27590071808237.64,7080560846029.55
2024-06-05,34659901034605.69,27601771436920.21,7058129597685.48
2024-06-04,34655635889090.12,27601036912476.19,7054598976613.93
2024-06-03,34635364143328.14,27604546247462.02,7030817895866.12
2024-05-31,34667115142400.83,27606806621699.92,7060308520700.91
2024-05-30,34609796817427.65,27479078222866.95,7130718594560.70
2024-05-29,34621658355452.18,27487157223434.84,7134501132017.34
2024-05-28,34606167915025.93,27485640159741.04,7120527755284.89
2024-05-24,34587980444101.39,27473812202939.87,7114168241161.52
2024-05-23,34577128968551.63,27473485937031.60,7103643031520.03
2024-05-22,34568254514015.39,27469724120218.74,7098530393796.65
2024-05-21,34585560195036.84,27466193557963.77,7119366637073.07
2024-05-20,34569111311921.07,27458745418356.45,7110365893564.62
2024-05-17,34560897354777.70,27456876652491.59,7104020702286.11
2024-05-16,34552930923742.92,27456418787486.41,7096512136256.51
2024-05-15,34534845450747.16,27444319743354.59,7090525707392.57
2024-05-14,34572509369831.78,27459796281794.85,7112713088036.93
2024-05-13,34552162118847.87,27455172055232.87,7096990063615.00
2024-05-10,34544592017605.72,27453861306796.20,7090730710809.52
2024-05-09,34544912251854.53,27453899461694.50,7091012790160.03
2024-05-08,34541727970599.17,27454500607320.58,7087227363278.59
2024-05-07,34559395239870.33,27453420769237.90,7105974470632.43
2024-05-06,34560847639827.59,27463657361740.46,7097190278087.13
2024-05-03,34548206284406.41,27462531568558.89,7085674715847.52
2024-05-02,34563348818204.50,27462987329423.76,7100361488780.74
2024-05-01,34558286201504.24,27479892592950.49,7078393608553.75
2024-04-30,34616994016250.88,27480960216618.32,7136033799632.56
2024-04-29,34562760121518.06,27445183037521.17,7117577083996.89
2024-04-26,34558414957091.51,27444491423362.55,7113923533728.96
2024-04-25,34554969025868.11,27443681857808.67,7111287168059.44
2024-04-24,34571627122114.08,27461572886205.56,7110054235908.52
2024-04-23,34581882240753.07,27461262921654.41,7120619319098.66
2024-04-22,34591776354253.41,27486473714908.65,7105302639344.76
2024-04-19,34585528182775.46,27484861367243.35,7100666815532.11
2024-04-18,34583094965544.54,27485307938326.14,7097787027218.40
2024-04-17,34576488508928.92,27491018195859.82,7085470313069.10
2024-04-16,34591001330876.91,27491006854258.45,7099994476618.46
2024-04-15,34603202832010.75,27525652789136.96,7077550042873.79
2024-04-12,34553219625645.51,27509636671273.47,7043582954372.04
2024-04-11,34550836614631.68,27509726461018.85,7041110153612.83
2024-04-10,34561015516956.28,27524683546141.80,7036331970814.48
2024-04-09,34581009999544.53,27523837629266.01,7057172370278.52
2024-04-08,34608412560642.47,27559152334116.88,7049260226525.59
2024-04-05,34600643492585.10,27558067093863.29,7042576398721.81
2024-04-04,34598968534947.36,27557979891134.54,7040988643812.82
2024-04-03,34604337792885.31,27570738421546.27,7033599371339.04
2024-04-02,34622291870051.13,27571024016005.42,7051267854045.71
2024-04-01,34627201333064.10,27597003078569.01,7030198254495.09
2024-03-29,34586533479349.88,27511454993243.97,7075078486105.91
2024-03-28,34578609157179.32,27511740986475.77,7066868170703.55
2024-03-27,34573199545841.43,27503290057476.61,7069909488364.82
2024-03-26,34594388870175.66,27500757154307.80,7093631715867.86
2024-03-25,34598187991362.71,27512574463575.43,7085613527787.28
2024-03-22,34582121266033.57,27511504384092.25,7070616881941.32
2024-03-21,34578032221509.83,27511234577616.74,7066797643893.09
2024-03-20,34561173662194.19,27495310693451.23,7065862968742.96
2024-03-19,34582304524890.88,27495560223464.06,7086744301426.82
2024-03-18,34551363248839.89,27486890326230.45,7064472922609.44
2024-03-15,34542838497262.94,27486685431293.39,7056153065969.55
2024-03-14,34486220026285.95,27434194395974.08,7052025630311.87
2024-03-13,34475874743406.64,27424590793153.92,7051283950252.72
2024-03-12,34497203823900.22,27424259576638.32,7072944247261.90
2024-03-11,34471482665578.20,27411563369863.19,7059919295715.01
2024-03-08,34465058258901.44,27410398214937.37,7054660043964.07
2024-03-07,34461406559733.48,27409658010123.01,7051748549610.47
2024-03-06,34440831955756.54,27395073293225.10,7045758662531.44
2024-03-05,34438950067961.33,27394922018989.52,7044028048971.81
2024-03-04,34410892192352.05,27379505983815.03,7031386208537.02
2024-03-01,34393262399002.40,27378941449836.41,7014320949165.99
2024-02-29,34471083238111.75,27380289989183.77,7090793248927.98
2024-02-28,34382148207560.53,27290151250136.39,7091996957424.14
2024-02-27,34405200371310.35,27290138516220.85,7115061855089.50
2024-02-26,34376317052037.23,27270274003272.75,7106043048764.48
2024-02-23,34368198372899.16,27270277998967.49,7097920373931.67
2024-02-22,34332006626320.48,27242557270675.99,7089449355644.49
2024-02-21,34297767975339.20,27209148794470.33,7088619180868.87
2024-02-20,34305120631653.51,27208868737795.66,7096251893857.85
2024-02-16,34267230736108.38,27183667231435.16,7083563504673.22
2024-02-15,34266061012653.21,27184526004247.38,7081535008405.83
2024-02-14,34245315231752.02,27178010959199.55,7067304272552.47
2024-02-13,34269060493914.81,27177924667834.49,7091135826080.32
2024-02-12,34230783465383.28,27148944676868.26,7081838788515.02
2024-02-09,34228178296346.87,27149917447710.42,7078260848636.45
2024-02-08,34228699143453.34,27150016696468.02,7078682446985.32
2024-02-07,34197594492349.48,27125624577903.55,7071969914445.93
2024-02-06,34196564648055.77,27125821609881.79,7070743038173.98
2024-02-05,34153974129467.71,27095044263981.65,7058929865486.06
2024-02-02,34147347620186.87,27095216791114.36,7052130829072.51
2024-02-01,34155015629668.67,27096145994220.71,7058869635447.96
2024-01-31,34191150402393.64,27071861894841.00,7119288507552.64
2024-01-30,34172829341468.41,27058247867739.38,7114581473729.03
2024-01-29,34138472491310.02,27031268655335.78,7107203835974.24
2024-01-26,34135457061639.36,27031563517077.75,7103893544561.61
2024-01-25,34135530482291.88,27031896294653.96,7103634187637.92
2024-01-24,34088375076993.31,27002945955816.55,7085429121176.76
2024-01-23,34109378375744.03,27003770167433.26,7105608208310.77
2024-01-22,34076671717711.41,26985255075314.51,7091416642396.90
2024-01-19,34072342032939.15,26985839298705.00,7086502734234.15
2024-01-18,34069900131753.02,26986540939549.35,7083359192203.67
2024-01-17,34060163447630.43,26977279309230.03,7082884138400.40
2024-01-16,34061551582176.05,26977085934722.47,7084465647453.58
2024-01-12,34058157809451.17,26984681279437.27,7073476530013.90
2024-01-11,34058513894474.08,26985019110585.66,7073494783888.42
2024-01-10,34002438877490.81,26974362934797.17,7028075942693.64
2024-01-09,34024775058581.46,26974750049637.37,7050025008944.09
2024-01-08,34012198872291.96,26973939599749.78,7038259272542.18
2024-01-05,34009690055595.81,26976084404477.05,7033605651118.76
2024-01-04,34006270930685.56,26976928852286.78,7029342078398.78
2024-01-03,33994219872567.85,26967954226517.79,7026265646050.06
2024-01-02,33990127522066.83,26966333707733.52,7023793814333.31
2023-12-29,34001493655565.48,26938517614684.59,7062976040880.89
2023-12-28,33911227723170.48,26891920450910.61,7019307272259.87
2023-12-27,33896083378248.05,26876335151615.88,7019748226632.17
2023-12-26,33905473436272.38,26876124826110.32,7029348610162.06
2023-12-22,33901019328885.77,26880796429891.38,7020222898994.39
2023-12-21,33887666090658.40,26881279631976.22,7006386458682.18
2023-12-20,33870523504708.77,26870588772826.80,6999934731881.97
2023-12-19,33892115414659.10,26869396109579.57,7022719305079.53
2023-12-18,33891285134712.08,26884939028732.74,7006346105979.34
2023-12-15,33883845835556.04,26884830017231.68,6999015818324.36
2023-12-14,33840401518225.69,26839408031723.60,7000993486502.09
2023-12-13,33828210586703.42,26831255346478.60,6996955240224.82
2023-12-12,33851321205288.16,26833040275300.98,7018280929987.18
2023-12-11,33852528591546.39,26845481309902.06,7007047281644.33
2023-12-08,33847366133965.28,26845547562977.79,7001818570987.49
2023-12-07,33832815714760.09,26846003455945.39,6986812258814.70
2023-12-06,33818111305391.33,26836216971556.28,6981894333835.05
2023-12-05,33818376156446.20,26836499357657.48,6981876798788.72
2023-12-04,33814621976598.20,26842268790912.46,6972353185685.74
2023-12-01,33802677905705.57,26841899141108.59,6960778764596.98
2023-11-30,33878679367501.20,26843822063762.45,7034857303738.75
2023-11-29,33849202250270.84,26777711219088.21,7071491031182.63
2023-11-28,33851851942947.65,26777703430303.32,7074148512644.33
2023-11-27,33836693993860.35,26771780819894.09,7064913173966.26
2023-11-24,33827287441894.98,26771331485159.67,7055955956735.31
2023-11-22,33766418955614.84,26720115499960.31,7046303455654.53
2023-11-21,33786477536673.08,26718585115383.15,7067892421289.93
2023-11-20,33750176946218.59,26692445815829.42,7057731130389.17
2023-11-17,33746161204834.20,26692227905141.52,7053933299692.68
2023-11-16,33740140300745.07,26692308892194.77,7047831408550.30
2023-11-15,33702800356757.17,26660731529922.48,7042068826834.69
2023-11-14,33740758940298.14,26682674360903.60,7058084579394.54
2023-11-13,33704351344292.03,26656511120514.98,7047840223777.05
2023-11-10,33700519045108.91,26656297228213.21,7044221816895.70
2023-11-09,33700702394486.03,26656287173188.21,7044415221297.82
2023-11-08,33704519301758.33,26661887346319.75,7042631955438.58
2023-11-07,33723125002884.23,26660759220080.83,7062365782803.40
2023-11-06,33685549023482.44,26630878504859.46,7054670518622.98
2023-11-03,33677795968325.37,26630035169821.74,7047760798503.63
2023-11-02,33694310446080.58,26630281961741.23,7064028484339.35
2023-11-01,33637961474736.64,26575012517991.32,7062948956745.32
2023-10-31,33699580339128.49,26576222054905.35,7123358284223.14
2023-10-30,33675453581151.30,26556166875895.44,7119286705255.86
2023-10-27,33675583991310.32,26555921813583.64,7119662177726.68
2023-10-26,33675966690300.60,26555584041129.64,7120382649170.96
2023-10-25,33673409042338.43,26555586966540.18,7117822075798.25
2023-10-24,33684219111864.76,26555329165607.14,7128889946257.62
2023-10-23,33636013783185.72,26515454944212.13,7120558838973.59
2023-10-20,33627279194343.04,26514640558602.24,7112638635740.80
2023-10-19,33626943979485.12,26514791447517.55,7112152531967.57
2023-10-18,33629187105622.79,26514600427747.18,7114586677875.61
2023-10-17,33648686850967.49,26514681646246.71,7134005204720.78
2023-10-16,33590304573293.45,26474358051666.99,7115946521626.46
2023-10-13,33529128255188.48,26426737912612.51,7102390342575.97
2023-10-12,33523064674012.35,26427019000844.73,7096045673167.62
2023-10-11,33537137879410.41,26436716538490.99,7100421340919.42
2023-10-10,33550239305902.84,26436036277654.31,7114203028248.53
2023-10-06,33510833601230.21,26402295025521.83,7108538575708.38
2023-10-05,33513382512663.51,26401336139723.41,7112046372940.10
2023-10-04,33477960047805.47,26366947230514.69,7111012817290.78
2023-10-03,33474904868026.30,26367058728957.29,7107846139069.01
2023-10-02,33442148619617.43,26339002538627.28,7103146080990.15
2023-09-29,33167334044723.16,26330142473191.94,6837191571531.22
2023-09-28,33126476376937.36,26289027123953.30,6837449252984.06
2023-09-27,33126911471375.81,26274995762333.71,6851915709042.10
2023-09-26,33146408994532.36,26275119110710.20,6871289883822.16
2023-09-25,33112060391950.29,26257540552723.90,6854519839226.39
2023-09-22,33101965802900.40,26257563828493.74,6844401974406.66
2023-09-21,33100408357471.81,26256883939422.64,6843524418049.17
2023-09-20,33070803843484.64,26234126979922.55,6836676863562.09
2023-09-19,33091844110815.65,26234340083526.65,6857504027289.00
2023-09-18,33053950837720.90,26214774694145.72,6839176143575.18
2023-09-15,33044858730468.04,26214467619830.38,6830391110637.66
2023-09-14,32988632843664.10,26166758026969.24,6821874816694.86
2023-09-13,32959505153577.02,26140787908311.45,6818717245265.57
2023-09-12,32979921616712.66,26140258067985.33,6839663548727.33
2023-09-11,32940629592824.66,26109190196680.37,6831439396144.29
2023-09-08,32940661203521.87,26109080792236.31,6831580411285.56
2023-09-07,32935650483547.70,26108844533675.44,6826805949872.26
2023-09-06,32903153698686.77,26077580698557.50,6825573000129.27
2023-09-05,32890665217705.83,26077617922113.74,6813047295592.09
2023-09-01,32841516339054.53,26044507800625.70,6797008538428.83
2023-08-31,32914149363760.95,26044050577584.54,6870098786176.41
2023-08-30,32854452857620.10,25982664124907.71,6871788732712.39
2023-08-29,32856459016611.95,25982708609301.70,6873750407310.25
2023-08-28,32814443005564.85,25947218499165.31,6867224506399.54
2023-08-25,32810223546146.86,25946514803377.09,6863708742769.77
2023-08-24,32777879728405.51,25922115213450.97,6855764514954.54
2023-08-23,32740372767613.62,25886300370614.66,6854072396998.96
2023-08-22,32759307280146.99,25886489572735.04,6872817707411.95
2023-08-21,32710634463121.12,25851338453031.71,6859296010089.41
2023-08-18,32704414954249.48,25850890627408.14,6853524326841.34
2023-08-17,32703692544630.03,25850475396069.84,6853217148560.19
2023-08-16,32661578249677.03,25814897784477.01,6846680465200.02
2023-08-15,32679941424168.59,25814344975175.86,6865596448992.73
2023-08-14,32663530449768.77,25812732982266.50,6850797467502.27
2023-08-11,32658608220243.14,25812094620607.35,6846513599635.79
2023-08-10,32658063006610.57,25812225197718.34,6845837808892.23
2023-08-09,32620930327834.11,25778304585040.20,6842625742793.91
2023-08-08,32644136864636.77,25778440181711.50,6865696682925.27
2023-08-07,32611306799308.24,25759016987176.09,6852289812132.15
2023-08-04,32603146075129.53,25758851818235.69,6844294256893.84
2023-08-03,32604327644488.70,25759287856824.22,6845039787664.48
2023-08-02,32599351354449.13,25740356333124.46,6858995021324.67
2023-08-01,32587568982505.21,25740123485927.36,6847445496577.85
2023-07-31,32608585072666.14,25708799188483.91,6899785884182.23
2023-07-28,32657120596498.01,25752739140296.84,6904381456201.17
2023-07-27,32659378691249.41,25753140068904.18,6906238622345.23
2023-07-26,32634846702744.10,25731546565342.25,6903300137401.85
2023-07-25,32651223755977.61,25731318151865.02,6919905604112.59
2023-07-24,32597769037193.63,25696796546929.52,6900972490264.11
2023-07-21,32592962824463.71,25696711160445.54,6896251664018.17
2023-07-20,32592226328901.30,25696346915423.59,6895879413477.71
2023-07-19,32569914975378.20,25679252837370.23,6890662138007.97
2023-07-18,32590931867992.77,25679320577331.03,6911611290661.74
2023-07-17,32535010186295.34,25640127926386.32,6894882259909.02
2023-07-14,32542410783066.52,25653572867943.31,6888837915123.21
2023-07-13,32542322793399.60,25653457820714.17,6888864972685.43
2023-07-12,32518395816772.17,25633821130387.02,6884574686385.15
2023-07-11,32538466818074.23,25633781683720.91,6904685134353.32
2023-07-10,32481106332188.70,25588803096223.83,6892303235964.87
2023-07-07,32477557021205.00,25589710081130.35,6887846940074.65
2023-07-06,32474413322200.55,25589897134579.63,6884516187620.92
2023-07-05,32402127570957.67,25519177294520.73,6882950276436.94
2023-07-03,32320860659267.72,25459084714008.85,6861775945258.87
2023-06-30,32332274184762.99,25461998188055.84,6870275996707.15
2023-06-29,32317771369915.85,25430243041777.75,6887528328138.10
2023-06-28,32246996999971.79,25361829706692.20,6885167293279.59
2023-06-27,32266627668494.67,25361694924458.65,6904932744036.02
2023-06-26,32195327569330.09,25301524659262.37,6893802910067.72
2023-06-23,32172576566647.61,25300770075189.85,6871806491457.76
2023-06-22,32168649898303.94,25300472765476.35,6868177132827.59
2023-06-21,32095742365497.49,25229448283990.68,6866294081506.81
2023-06-20,32105203198332.68,25228858760169.95,6876344438162.73
2023-06-16,32044348877002.64,25178190392307.09,6866158484695.55
2023-06-15,32039244474237.54,25178340697038.00,6860903777199.54
2023-06-14,31954447260177.67,25102753092893.82,6851694167283.85
2023-06-13,31975294735877.95,25103112337735.63,6872182398142.32
2023-06-12,31926284136023.52,25068366483285.59,6857917652737.93
2023-06-09,31921148764836.99,25067359532394.48,6853789232442.51
2023-06-08,31921257581480.24,25067556730313.10,6853700851167.14
2023-06-07,31857005736347.57,25047345441645.83,6809660294701.74
2023-06-06,31855980740631.82,25047398385875.44,6808582354756.38
2023-06-05,31825678823229.44,25032142794296.03,6793536028933.41
2023-06-02,31467099921028.51,24702383053957.66,6764716867070.85
2023-06-01,31467639287894.39,24690309627385.24,6777329660509.15
2023-05-31,31464457465522.98,24630686283413.55,6833771182109.43
2023-05-30,31463988658765.75,24634298664090.12,6829689994675.63
2023-05-26,31464942311540.05,24635928951197.20,6829013360342.85
2023-05-25,31465482242065.47,24634289587393.08,6831192654672.39
2023-05-24,31461618625936.34,24635199871338.14,6826418754598.20
2023-05-23,31462154854902.95,24620574476453.96,6841580378448.99
2023-05-22,31460559910557.31,24632270448804.39,6828289461752.92
2023-05-19,31462147316778.94,24637236875327.69,6824910441451.25
2023-05-18,31462676535393.66,24637327117844.81,6825349417548.85
2023-05-17,31458034662625.50,24637068788324.66,6820965874300.84
2023-05-16,31458557909691.70,24622446659092.64,6836111250599.06
2023-05-15,31457107100707.45,24632499077869.51,6824608022837.94
2023-05-12,31458532169329.81,24639658124898.10,6818874044431.71
2023-05-11,31459051720110.08,24639687475035.30,6819364245074.78
2023-05-10,31457421959011.26,24641172605144.54,6816249353866.72
2023-05-09,31457939857155.51,24619937084187.34,6838002772968.17
2023-05-08,31457223984544.50,24627341968877.85,6829882015666.65
2023-05-05,31458774801619.75,24636096207170.77,6822678594448.98
2023-05-04,31459291842710.78,24638820908771.95,6820470933938.83
2023-05-03,31457486656663.50,24635834770776.97,6821651885886.53
2023-05-02,31457997078075.46,24620365800256.98,6837631277818.48
2023-05-01,31457398880450.85,24647679693931.41,6809719186519.44
2023-04-28,31457814648415.87,24605068022566.94,6852746625848.93
2023-04-27,31459619676179.65,24607260377321.56,6852359298858.09
2023-04-26,31458014678320.26,24609136413572.05,6848878264748.21
2023-04-25,31458521201235.23,24594031097296.96,6864490103938.27
2023-04-24,31457939840159.39,24606854923098.48,6851084917060.91
