record_date,classification_desc,current_month_rcpt_outly_amt,current_fytd_rcpt_outly_amt
2026-03-31,National Science Foundation,706866332.49,4132691853.98
2026-03-31,Office of Personnel Management,10776589734.22,66352013730.42
2026-03-31,Small Business Administration,-150217986.45,487526759.34
2026-03-31,Social Security Administration,139445161163.85,850490186793.69
2026-03-31,Independent Agencies,-2283713549.60,4642099938.18
2026-03-31,Allowances,null,null
2026-03-31,Undistributed Offsetting Receipts:,null,null
2026-03-31,Interest,-6462556536.09,-93818931961.72
2026-03-31,Total Outlays,548962915853.65,3651372212036.69
2026-03-31,Budget Receipts,null,null
2026-03-31,Department of Energy,4100285257.12,25681176966.46
2026-03-31,Department of Health and Human Services,108795979488.51,960421922383.08
2026-03-31,Department of Homeland Security,7764943426.64,46289560519.70
2026-03-31,Department of Housing and Urban Development,5794417629.89,33758891682.68
2026-03-31,Department of the Interior,1521608286.80,7821263930.73
2026-03-31,Department of Justice,4696976684.91,23260723888.82
2026-03-31,Department of Labor,2694305857.07,26944788323.69
2026-03-31,Department of State,2580994414.34,13695521355.12
2026-03-31,Department of Transportation,9969917537.26,55337207662.99
2026-03-31,Department of the Treasury:,null,null
2026-03-31,Interest on Treasury Debt Securities (Gross),102644421072.91,622596476322.03
2026-03-31,Other,21989003168.61,66830266787.36
2026-03-31,Department of Veterans Affairs,17330264553.80,201363079782.03
2026-03-31,Corps of Engineers,1187678787.58,5635119506.46
2026-03-31,Other Defense Civil Programs,400989653.14,40036930022.73
2026-03-31,Department of Defense--Military Programs,65101698098.11,458429275106.98
2026-03-31,Department of Education,8364463521.23,69974042577.73
2026-03-31,Individual Income Taxes,188500107484.10,1245440725182.08
2026-03-31,Corporation Income Taxes,6856405558.35,116049901894.06
2026-03-31,Social Insurance and Retirement Receipts:,null,null
2026-03-31,Employment and General Retirement (Off-Budget),119552400745.77,651711694123.20
2026-03-31,Employment and General Retirement (On-Budget),33343576763.06,205737665028.11
2026-03-31,Unemployment Insurance,-1905675330.75,13022536532.48
2026-03-31,Other Retirement,733073129.69,4176267536.41
2026-03-31,Excise Taxes,7300239194.82,45193671735.75
2026-03-31,Estate and Gift Taxes,4995272220.70,19798971145.02
2026-03-31,Customs Duties,22154874400.70,166492966469.80
2026-03-31,Miscellaneous Receipts,3332302869.35,15168847888.82
2026-03-31,Total Receipts,384862577035.79,2482793247535.73
2026-03-31,(On-Budget),530620352580.04,3662163106825.06
2026-03-31,(Off-Budget),239104801491.54,1303423388246.40
2026-03-31,Budget Outlays,null,null
2026-03-31,Legislative Branch,665276525.92,3539420540.34
2026-03-31,Judicial Branch,874229300.70,4975364972.42
2026-03-31,Department of Agriculture,33141386882.19,116558270940.56
2026-03-31,Department of Commerce,1506482779.71,6911401168.98
2026-03-31,Environmental Protection Agency,1331707253.11,8430378445.93
2026-03-31,Executive Office of the President,38299434.23,-1073680672.48
2026-03-31,General Services Administration,59144996.93,-147185793.47
2026-03-31,International Assistance Programs,2467321972.54,9526837628.13
2026-03-31,National Aeronautics and Space Administration,1908990111.98,12289570873.80
2026-03-31,Surplus (+) or Deficit (-),-164100338817.86,-1168578964500.96
2026-02-28,Social Security Administration,143780602555.01,711045025629.84
2026-02-28,Independent Agencies,517528357.94,6925813487.78
2026-02-28,Undistributed Offsetting Receipts:,null,null
2026-02-28,Interest,-12245811264.64,-87356375425.63
2026-02-28,Total Outlays,620623118673.01,3102409296183.04
2026-02-28,Surplus (+) or Deficit (-),-307501433426.17,-1004478625683.10
2026-02-28,Executive Office of the President,-62336240.78,-1111980106.71
2026-02-28,General Services Administration,-311469389.56,-206330790.40
2026-02-28,International Assistance Programs,3189015577.87,7059515655.59
2026-02-28,Small Business Administration,127151780.48,637744745.79
2026-02-28,(Off-Budget),216322000000.00,1064318586754.86
2026-02-28,Department of the Treasury:,null,null
2026-02-28,Department of Veterans Affairs,34601722197.71,184032815228.23
2026-02-28,Interest on Treasury Debt Securities (Gross),93483359631.20,519952055249.12
2026-02-28,Other,59626713124.12,44841263618.75
2026-02-28,Budget Outlays,null,null
2026-02-28,Office of Personnel Management,10119086165.11,55575423996.20
2026-02-28,Other Defense Civil Programs,5626742909.74,39635940369.59
2026-02-28,Environmental Protection Agency,1504308093.64,7098671192.82
2026-02-28,National Aeronautics and Space Administration,1807038347.19,10380580761.82
2026-02-28,National Science Foundation,678205499.73,3425825521.49
2026-02-28,Budget Receipts,null,null
2026-02-28,Judicial Branch,794067723.97,4101135671.72
2026-02-28,Department of Justice,3409902446.83,18563747203.91
2026-02-28,Department of Labor,5663151004.04,24250482466.62
2026-02-28,Department of State,2546343784.11,11114526940.78
2026-02-28,Department of Transportation,7865560267.00,45367290125.73
2026-02-28,Corps of Engineers,974645882.63,4447440718.88
2026-02-28,Total Receipts,313121685246.84,2097930670499.94
2026-02-28,Department of Housing and Urban Development,5553187701.39,27964474052.79
2026-02-28,Department of the Interior,1096709468.56,6299655643.93
2026-02-28,Legislative Branch,567860707.13,2874144014.42
2026-02-28,Department of Agriculture,12994302054.59,83416884058.37
2026-02-28,Miscellaneous Receipts,1942013470.28,11836545019.47
2026-02-28,(On-Budget),409921370493.68,3131542754245.02
2026-02-28,Department of Energy,3722404051.75,21580891709.34
2026-02-28,Department of Health and Human Services,147895003104.71,851625942894.57
2026-02-28,Department of Homeland Security,6189029765.83,38524617093.06
2026-02-28,Department of Defense--Military Programs,66870007631.45,393327577008.87
2026-02-28,Department of Education,10874036309.19,61609579056.50
2026-02-28,Department of Commerce,1165049425.07,5404918389.27
2026-02-28,Estate and Gift Taxes,2656959240.02,14803698924.32
2026-02-28,Customs Duties,26593808711.49,144338092069.10
2026-02-28,Individual Income Taxes,133388890800.28,1056940617697.98
2026-02-28,Corporation Income Taxes,-3186590721.58,109193496335.71
2026-02-28,Social Insurance and Retirement Receipts:,null,null
2026-02-28,Employment and General Retirement (Off-Budget),108161000000.00,532159293377.43
2026-02-28,Employment and General Retirement (On-Budget),30263741310.92,172394088265.05
2026-02-28,Unemployment Insurance,5300743039.95,14928211863.23
2026-02-28,Other Retirement,654906274.28,3443194406.72
2026-02-28,Excise Taxes,7346213121.20,37893432540.93
2026-01-31,Department of the Interior,1356593871.82,5202946175.37
2026-01-31,Department of Justice,3154255461.50,15037388265.48
2026-01-31,Department of Labor,4201956632.63,18587331462.58
2026-01-31,Department of State,2061041108.22,8568183156.67
2026-01-31,Department of Transportation,8545524439.16,37501729858.73
2026-01-31,Department of Homeland Security,12964300055.91,32335587327.23
2026-01-31,Department of Housing and Urban Development,5479445927.21,22411286351.40
2026-01-31,Legislative Branch,604576554.32,2306283307.29
2026-01-31,Judicial Branch,954731192.84,3307067947.75
2026-01-31,Department of Agriculture,14605442583.66,70422582003.78
2026-01-31,Department of Commerce,1187341581.19,4239870998.10
2026-01-31,Department of Defense--Military Programs,70751458672.02,326457569377.42
2026-01-31,Department of Energy,4184616503.34,17858487657.59
2026-01-31,Department of Health and Human Services,217087529046.11,703730939595.10
2026-01-31,Total Receipts,559935445930.71,1784692530600.64
2026-01-31,Unemployment Insurance,2682093239.04,9627468823.28
2026-01-31,Other Retirement,815113944.12,2788288132.44
2026-01-31,Excise Taxes,8527043341.18,30547219419.73
2026-01-31,Estate and Gift Taxes,3854990520.55,12146739684.30
2026-01-31,Customs Duties,27742448220.24,117744283357.61
2026-01-31,Miscellaneous Receipts,2007742237.47,9778076896.73
2026-01-31,Budget Outlays,null,null
2026-01-31,Department of Education,19262476291.67,50735542747.31
2026-01-31,Budget Receipts,null,null
2026-01-31,Small Business Administration,144041992.25,510592965.31
2026-01-31,Social Security Administration,143548516693.62,567264423074.83
2026-01-31,Independent Agencies,4574819074.49,6408285129.84
2026-01-31,Undistributed Offsetting Receipts:,null,null
2026-01-31,Interest,3438845918.57,-75110564160.99
2026-01-31,Total Outlays,654550608299.92,2481669722857.57
2026-01-31,Surplus (+) or Deficit (-),-94615162369.21,-696977192256.93
2026-01-31,(On-Budget),862934891861.42,2721388474446.42
2026-01-31,(Off-Budget),256936000000.00,847996586754.86
2026-01-31,Individual Income Taxes,317304324303.35,923551726897.70
2026-01-31,Corporation Income Taxes,30695253204.44,112380087057.29
2026-01-31,Social Insurance and Retirement Receipts:,null,null
2026-01-31,Employment and General Retirement (Off-Budget),128468000000.00,423998293377.43
2026-01-31,Employment and General Retirement (On-Budget),37838436920.32,142130346954.13
2026-01-31,Department of the Treasury:,null,null
2026-01-31,Interest on Treasury Debt Securities (Gross),71888162603.19,426468695617.92
2026-01-31,Other,3258234465.67,-14785449505.37
2026-01-31,Department of Veterans Affairs,35458907300.88,149431093030.52
2026-01-31,Corps of Engineers,-84130220.08,3472794836.25
2026-01-31,Other Defense Civil Programs,9473204849.08,34009197459.85
2026-01-31,Environmental Protection Agency,1127886353.74,5594363099.18
2026-01-31,Executive Office of the President,48281406.65,-1049643865.93
2026-01-31,General Services Administration,-661669959.19,105138599.16
2026-01-31,International Assistance Programs,2506307885.21,3870500077.72
2026-01-31,National Aeronautics and Space Administration,1952080996.24,8573542414.63
2026-01-31,National Science Foundation,673760198.45,2747620021.76
2026-01-31,Office of Personnel Management,10802068819.55,45456337831.09
2025-12-31,Budget Receipts,null,null
2025-12-31,Undistributed Offsetting Receipts:,null,null
2025-12-31,Interest,-62150190276.21,-78549410079.56
2025-12-31,Total Outlays,629133251148.53,1827133546184.93
2025-12-31,Surplus (+) or Deficit (-),-144749235609.28,-602376461515.00
2025-12-31,Budget Outlays,null,null
2025-12-31,International Assistance Programs,-19604390230.12,1364189401.30
2025-12-31,National Aeronautics and Space Administration,2634669742.15,6621461418.39
2025-12-31,National Science Foundation,676525268.65,2073859823.31
2025-12-31,Office of Personnel Management,11174669624.25,34654269011.54
2025-12-31,Small Business Administration,135222378.43,366550973.06
2025-12-31,Social Security Administration,144899408525.70,423715906381.21
2025-12-31,Independent Agencies,-3406487273.70,1833466055.35
2025-12-31,General Services Administration,-609277926.95,766808558.35
2025-12-31,Department of Housing and Urban Development,5560914755.17,16931840424.19
2025-12-31,Judicial Branch,1023558951.86,2352336754.91
2025-12-31,Department of Agriculture,20096025182.21,55814264262.97
2025-12-31,Department of Commerce,1382830713.02,3052529416.91
2025-12-31,Department of Defense--Military Programs,98297241295.47,255706113420.77
2025-12-31,Department of Education,5892135703.96,31473066455.64
2025-12-31,Department of Energy,5013844562.95,13673871154.25
2025-12-31,Department of Health and Human Services,162057539697.53,486660717333.42
2025-12-31,Department of Homeland Security,7511990081.51,19371287271.32
2025-12-31,Executive Office of the President,-971917480.25,-1097925272.58
2025-12-31,Environmental Protection Agency,1628291481.16,4466476745.44
2025-12-31,Individual Income Taxes,242336799251.83,606247402594.35
2025-12-31,Corporation Income Taxes,59447584564.91,81684833852.85
2025-12-31,Social Insurance and Retirement Receipts:,null,null
2025-12-31,Department of the Treasury:,null,null
2025-12-31,Interest on Treasury Debt Securities (Gross),153922270791.67,354580533014.73
2025-12-31,Other,4601160642.43,-18043683971.04
2025-12-31,Department of Veterans Affairs,50225902260.56,113972185729.64
2025-12-31,Corps of Engineers,1158718121.60,3556925056.33
2025-12-31,Other Defense Civil Programs,13118997433.60,24535992686.61
2025-12-31,Department of Transportation,10162392793.41,28956205419.57
2025-12-31,Department of Justice,3820652670.53,11883132803.98
2025-12-31,Department of Labor,6596078549.39,14385374829.95
2025-12-31,Department of State,2327758139.76,6507142048.45
2025-12-31,Excise Taxes,7583694534.16,22020176078.55
2025-12-31,Estate and Gift Taxes,1578182542.84,8291749163.75
2025-12-31,Employment and General Retirement (Off-Budget),104825293377.43,295530293377.43
2025-12-31,Employment and General Retirement (On-Budget),36856756048.32,104291910033.81
2025-12-31,Unemployment Insurance,783135675.85,6945375584.24
2025-12-31,Other Retirement,695440810.12,1973174188.32
2025-12-31,Customs Duties,27892382035.20,90001835137.37
2025-12-31,Miscellaneous Receipts,2384746698.59,7770334659.26
2025-12-31,Total Receipts,484384015539.25,1224757084669.93
2025-12-31,(On-Budget),759117444323.64,1858453582585.00
2025-12-31,(Off-Budget),209650586754.86,591060586754.86
2025-12-31,Legislative Branch,550763782.39,1701706752.97
2025-12-31,Department of the Interior,1405951186.40,3846352303.55
2025-11-30,Surplus (+) or Deficit (-),-173277175076.92,-457627225859.72
2025-11-30,Budget Receipts,null,null
2025-11-30,Budget Outlays,null,null
2025-11-30,Interest,-6475775826.22,-16399219803.35
2025-11-30,Total Outlays,509278370786.88,1197999770543.38
2025-11-30,Other,5936197936.00,-22644594613.47
2025-11-30,National Science Foundation,674301029.33,1397334554.66
2025-11-30,Independent Agencies,1411390384.68,5239953369.85
2025-11-30,Undistributed Offsetting Receipts:,null,null
2025-11-30,Department of State,2000418235.59,4179383908.69
2025-11-30,Social Security Administration,134277083378.72,278816497855.51
2025-11-30,Small Business Administration,105830014.31,231328594.63
2025-11-30,Office of Personnel Management,10775368749.82,23479599387.29
2025-11-30,Environmental Protection Agency,1294702906.02,2838185264.28
2025-11-30,Executive Office of the President,-144765641.93,-126007792.33
2025-11-30,General Services Administration,92624029.15,1376086485.30
2025-11-30,International Assistance Programs,20988481865.46,20968579631.42
2025-11-30,(Off-Budget),198320000000.00,381410000000.00
2025-11-30,Corps of Engineers,1055034485.60,2398206934.73
2025-11-30,Other Defense Civil Programs,898490032.97,11416995253.01
2025-11-30,National Aeronautics and Space Administration,2427369577.99,3986791676.24
2025-11-30,Department of the Interior,1669783274.63,2440401117.15
2025-11-30,Department of Transportation,8928989484.80,18793812626.16
2025-11-30,Department of the Treasury:,null,null
2025-11-30,Interest on Treasury Debt Securities (Gross),96254652133.43,200658262223.06
2025-11-30,Department of Veterans Affairs,14310436484.40,63746283469.08
2025-11-30,Department of Justice,5977060817.95,8062480133.45
2025-11-30,Department of Labor,5182831758.28,7789296280.56
2025-11-30,Miscellaneous Receipts,1884114222.14,5385588001.47
2025-11-30,Total Receipts,336001195709.96,740372544683.66
2025-11-30,(On-Budget),473682391419.92,1099335089367.32
2025-11-30,Legislative Branch,840042504.78,1150942970.58
2025-11-30,Judicial Branch,675511019.24,1328777803.05
2025-11-30,Department of Agriculture,18383733434.31,35717464546.94
2025-11-30,Department of Commerce,1191945282.94,1669698703.89
2025-11-30,Department of Defense--Military Programs,61862605145.96,157408872125.30
2025-11-30,Department of Education,6724256528.11,25580930751.68
2025-11-30,Department of Energy,3589876780.57,8660026591.30
2025-11-30,Department of Health and Human Services,96503238581.31,324603177635.89
2025-11-30,Department of Homeland Security,6346194722.68,11859297189.81
2025-11-30,Department of Housing and Urban Development,5520461676.00,11370925669.02
2025-11-30,Individual Income Taxes,146957441788.40,363910603342.52
2025-11-30,Corporation Income Taxes,7169186892.41,22237249287.94
2025-11-30,Social Insurance and Retirement Receipts:,null,null
2025-11-30,Employment and General Retirement (Off-Budget),99160000000.00,190705000000.00
2025-11-30,Unemployment Insurance,2761680532.72,6162239908.39
2025-11-30,Employment and General Retirement (On-Budget),35127931947.75,67435153985.49
2025-11-30,Other Retirement,738784616.25,1277733378.20
2025-11-30,Excise Taxes,8453236587.39,14435957057.22
2025-11-30,Estate and Gift Taxes,2992867102.49,6713566620.91
2025-11-30,Customs Duties,30755952020.41,62109453101.52
2025-10-31,Budget Receipts,null,null
2025-10-31,Individual Income Taxes,216953161554.12,216953161554.12
2025-10-31,Corporation Income Taxes,15068062395.53,15068062395.53
2025-10-31,Social Insurance and Retirement Receipts:,null,null
2025-10-31,Employment and General Retirement (Off-Budget),91545000000.00,91545000000.00
2025-10-31,Employment and General Retirement (On-Budget),32307222037.74,32307222037.74
2025-10-31,Unemployment Insurance,3400559375.67,3400559375.67
2025-10-31,Other Retirement,538948761.95,538948761.95
2025-10-31,Excise Taxes,5982720469.83,5982720469.83
2025-10-31,Estate and Gift Taxes,3720699518.42,3720699518.42
2025-10-31,Customs Duties,31353501081.11,31353501081.11
2025-10-31,Miscellaneous Receipts,3501473779.33,3501473779.33
2025-10-31,Total Receipts,404371348973.70,404371348973.70
2025-10-31,Budget Outlays,null,null
2025-10-31,Legislative Branch,310900465.80,310900465.80
2025-10-31,Judicial Branch,653266783.81,653266783.81
2025-10-31,Department of Agriculture,17333731112.63,17333731112.63
2025-10-31,Department of Commerce,477753420.95,477753420.95
2025-10-31,Department of Defense--Military Programs,95546266979.34,95546266979.34
2025-10-31,Department of Education,18856674223.57,18856674223.57
2025-10-31,Department of Energy,5070149810.73,5070149810.73
2025-10-31,Department of Health and Human Services,228099939054.58,228099939054.58
2025-10-31,Department of Homeland Security,5513102467.13,5513102467.13
2025-10-31,Corps of Engineers,1343172449.13,1343172449.13
2025-10-31,Other Defense Civil Programs,10518505220.04,10518505220.04
2025-10-31,Environmental Protection Agency,1543482358.26,1543482358.26
2025-10-31,Interest on Treasury Debt Securities (Gross),104403610089.63,104403610089.63
2025-10-31,Department of Veterans Affairs,49435846984.68,49435846984.68
2025-10-31,Executive Office of the President,18757849.60,18757849.60
2025-10-31,General Services Administration,1283462456.15,1283462456.15
2025-10-31,International Assistance Programs,-19902234.04,-19902234.04
2025-10-31,Independent Agencies,3828507863.06,3828507863.06
2025-10-31,Department of Housing and Urban Development,5850463993.02,5850463993.02
2025-10-31,Department of the Interior,770617842.52,770617842.52
2025-10-31,Department of Justice,2085419315.50,2085419315.50
2025-10-31,Department of Labor,2606464522.28,2606464522.28
2025-10-31,Department of State,2178965673.10,2178965673.10
2025-10-31,Department of Transportation,9864823141.36,9864823141.36
2025-10-31,Department of the Treasury:,null,null
2025-10-31,National Aeronautics and Space Administration,1559422098.25,1559422098.25
2025-10-31,National Science Foundation,723033525.33,723033525.33
2025-10-31,Office of Personnel Management,12704230637.47,12704230637.47
2025-10-31,Small Business Administration,125498580.32,125498580.32
2025-10-31,Social Security Administration,144539414476.79,144539414476.79
2025-10-31,Undistributed Offsetting Receipts:,null,null
2025-10-31,Interest,-9923443977.13,-9923443977.13
2025-10-31,Other,-28580737427.36,-28580737427.36
2025-10-31,Total Outlays,688721399756.50,688721399756.50
2025-10-31,Surplus (+) or Deficit (-),-284350050782.80,-284350050782.80
2025-10-31,(On-Budget),625652697947.40,625652697947.40
2025-10-31,(Off-Budget),183090000000.00,183090000000.00
2025-09-30,Total Outlays,345713357099.06,7009973667049.30
2025-09-30,Surplus (+) or Deficit (-),197949630362.16,-1775357280733.87
2025-09-30,Department of the Treasury:,null,null
2025-09-30,Independent Agencies,-8376840062.51,6788268393.95
2025-09-30,Allowances,null,null
2025-09-30,Undistributed Offsetting Receipts:,null,null
2025-09-30,Interest,-4608690325.91,-187547096990.07
2025-09-30,Social Security Administration,133918611107.72,1646515219457.13
2025-09-30,Social Insurance and Retirement Receipts:,null,null
2025-09-30,Employment and General Retirement (Off-Budget),100128950967.64,1283735635127.26
2025-09-30,Employment and General Retirement (On-Budget),32295502152.49,401895871112.97
2025-09-30,Unemployment Insurance,747225964.26,54048570145.06
2025-09-30,Other Retirement,763729465.60,8613735577.56
2025-09-30,Excise Taxes,12779384419.74,105936465307.63
2025-09-30,Estate and Gift Taxes,3035354009.43,29462045090.45
2025-09-30,Customs Duties,29674953322.24,194865739872.82
2025-09-30,Miscellaneous Receipts,3349155121.37,47924573386.27
2025-09-30,Total Receipts,543662987461.22,5234616386315.43
2025-09-30,(On-Budget),887068072987.16,7901761502376.34
2025-09-30,Budget Receipts,null,null
2025-09-30,Individual Income Taxes,298413142391.55,2656044447275.63
2025-09-30,Corporation Income Taxes,62475589646.90,452089303419.78
2025-09-30,(Off-Budget),200257901935.28,2567471270254.52
2025-09-30,Department of Health and Human Services,114490797017.83,1884277158526.09
2025-09-30,Budget Outlays,null,null
2025-09-30,Department of Labor,-3923292874.47,50383064841.33
2025-09-30,Department of State,2169975197.79,28362310911.54
2025-09-30,Department of Housing and Urban Development,4335968335.62,50532877116.68
2025-09-30,Department of the Interior,3481182321.43,22402107575.19
2025-09-30,Department of Justice,4636772422.93,44947669692.42
2025-09-30,Department of Transportation,18333022131.85,127582781457.75
2025-09-30,Interest on Treasury Debt Securities (Gross),91269656245.91,1215613829754.39
2025-09-30,Other,-40530660622.17,93061394681.30
2025-09-30,Department of Veterans Affairs,17257928794.46,376591187171.14
2025-09-30,Corps of Engineers,118784351.89,12124040200.69
2025-09-30,Other Defense Civil Programs,850158514.20,76487558846.31
2025-09-30,Environmental Protection Agency,1471679880.81,36976283292.94
2025-09-30,Executive Office of the President,-3464998.25,-508480045.47
2025-09-30,General Services Administration,-131101884.79,-374545499.65
2025-09-30,International Assistance Programs,-1766203601.98,17294477415.46
2025-09-30,National Aeronautics and Space Administration,2312085541.98,24576161060.55
2025-09-30,National Science Foundation,1068988788.04,9948878990.72
2025-09-30,Office of Personnel Management,11228144332.74,128239077773.34
2025-09-30,Small Business Administration,95980093.37,836714618.82
2025-09-30,Legislative Branch,813141285.30,7232968757.51
2025-09-30,Judicial Branch,884035359.99,9759044723.48
2025-09-30,Department of Agriculture,13238150246.90,227431874539.00
2025-09-30,Department of Commerce,1466195782.87,29711604364.32
2025-09-30,Department of Defense--Military Programs,71447370168.15,868411637797.96
2025-09-30,Department of Education,-105278704704.70,34717798418.27
2025-09-30,Department of Energy,4658132295.86,52292235931.48
2025-09-30,Department of Homeland Security,10785555956.20,115305563274.73
2025-08-31,Surplus (+) or Deficit (-),-344791891858.12,-1973306911096.03
2025-08-31,Budget Receipts,null,null
2025-08-31,Undistributed Offsetting Receipts:,null,null
2025-08-31,Interest,-16151187912.57,-182938406664.16
2025-08-31,Total Outlays,689107213868.44,6664260309950.24
2025-08-31,Department of State,1899599045.27,26192335713.75
2025-08-31,Allowances,null,null
2025-08-31,Independent Agencies,7871021352.10,15164267383.04
2025-08-31,Social Insurance and Retirement Receipts:,null,null
2025-08-31,Department of Health and Human Services,212771637947.99,1769786361508.26
2025-08-31,Department of Homeland Security,9589205710.79,104520007318.53
2025-08-31,Department of Housing and Urban Development,5882786459.63,46196908781.06
2025-08-31,Department of the Interior,1502183529.97,18920925253.76
2025-08-31,Department of the Treasury:,null,null
2025-08-31,Budget Outlays,null,null
2025-08-31,Executive Office of the President,43637661.49,-505015047.22
2025-08-31,General Services Administration,-287267517.94,-243443614.86
2025-08-31,International Assistance Programs,-8128695952.38,19060681017.44
2025-08-31,Environmental Protection Agency,2144517390.09,35504603412.13
2025-08-31,Excise Taxes,8224322871.12,93157080887.89
2025-08-31,Social Security Administration,144216664372.04,1512596608349.41
2025-08-31,Department of Justice,3599250949.21,40311161149.90
2025-08-31,Department of Labor,4216809815.92,54306357715.80
2025-08-31,Department of Transportation,11777371003.95,109249759325.90
2025-08-31,Interest on Treasury Debt Securities (Gross),111466218972.52,1124344173508.48
2025-08-31,Other,7721853365.09,133592632496.48
2025-08-31,Department of Veterans Affairs,49775026366.41,359333258376.68
2025-08-31,Department of Defense--Military Programs,78020062085.88,796964267629.81
2025-08-31,Department of Education,8530746401.37,139996503122.97
2025-08-31,Department of Energy,3830767640.78,47634103635.62
2025-08-31,Small Business Administration,-1179584524.79,740734525.45
2025-08-31,Legislative Branch,514395547.59,6419827472.21
2025-08-31,Corps of Engineers,559557053.99,12005255848.80
2025-08-31,Other Defense Civil Programs,10302615257.35,75637400332.11
2025-08-31,Office of Personnel Management,8805738419.72,117010933440.60
2025-08-31,Judicial Branch,879871742.97,8875009363.49
2025-08-31,Department of Agriculture,18184169626.28,214193724292.10
2025-08-31,Department of Commerce,7426456563.16,28245408581.45
2025-08-31,National Aeronautics and Space Administration,2363796845.46,22264075518.57
2025-08-31,National Science Foundation,957988649.10,8879890202.68
2025-08-31,(On-Budget),490898644020.64,7014693429389.18
2025-08-31,(Off-Budget),197732000000.00,2367213368319.24
2025-08-31,Individual Income Taxes,153144281154.54,2357631304884.08
2025-08-31,Corporation Income Taxes,2505750182.20,389613713772.88
2025-08-31,Employment and General Retirement (Off-Budget),98866000000.00,1183606684159.62
2025-08-31,Employment and General Retirement (On-Budget),30404054737.52,369600368960.48
2025-08-31,Unemployment Insurance,3916612345.11,53301344180.80
2025-08-31,Other Retirement,854191635.93,7850006111.96
2025-08-31,Estate and Gift Taxes,2334186051.53,26426691081.02
2025-08-31,Customs Duties,29502942749.54,165190786550.58
2025-08-31,Miscellaneous Receipts,14562980282.83,44575418264.90
2025-08-31,Total Receipts,344315322010.32,4690953398854.21
2025-07-31,Department of Veterans Affairs,31734728594.26,309558232010.27
2025-07-31,Corps of Engineers,1741295669.70,11445698794.81
2025-07-31,Other Defense Civil Programs,7445243001.59,65334785074.76
2025-07-31,Environmental Protection Agency,1130970531.03,33360086022.04
2025-07-31,Executive Office of the President,49033457.42,-548652708.71
2025-07-31,General Services Administration,289112175.20,43823903.08
2025-07-31,International Assistance Programs,4171078179.04,27189376969.82
2025-07-31,Legislative Branch,593998963.89,5905431924.62
2025-07-31,Department of Justice,3835493553.38,36711910200.69
2025-07-31,Department of Labor,4810843938.13,50089547899.88
2025-07-31,Department of State,2002046831.75,24292736668.48
2025-07-31,Department of Transportation,11577951345.31,97472388321.95
2025-07-31,Department of the Treasury:,null,null
2025-07-31,Interest on Treasury Debt Securities (Gross),91912917650.05,1012877954535.96
2025-07-31,Judicial Branch,860650702.04,7995137620.52
2025-07-31,Department of Agriculture,19465968580.48,196009554665.82
2025-07-31,Department of Commerce,1249585427.88,20818932585.71
2025-07-31,Department of Defense--Military Programs,71528009982.61,718944205543.93
2025-07-31,Department of Education,30653745531.36,131465756721.60
2025-07-31,Department of Energy,4276873069.33,43803335994.84
2025-07-31,Department of Health and Human Services,181007960118.05,1557014723560.27
2025-07-31,Department of Homeland Security,6816284716.89,94930801607.74
2025-07-31,Department of Housing and Urban Development,-13356841899.58,40314122321.43
2025-07-31,Department of the Interior,1381253724.46,17418741723.79
2025-07-31,Surplus (+) or Deficit (-),-291142660287.67,-1628515019237.91
2025-07-31,National Aeronautics and Space Administration,1836491267.92,19900278673.11
2025-07-31,National Science Foundation,963021163.80,7921901553.58
2025-07-31,Office of Personnel Management,11646627897.34,108205195020.88
2025-07-31,Small Business Administration,216948273.84,1920319050.24
2025-07-31,Social Security Administration,138142658627.76,1368379943977.37
2025-07-31,Independent Agencies,1722364855.59,7293265463.52
2025-07-31,Allowances,null,null
2025-07-31,Undistributed Offsetting Receipts:,null,null
2025-07-31,Interest,-4656299589.95,-166787218751.59
2025-07-31,Other,14584492370.27,125870779131.39
2025-07-31,Total Outlays,629634508710.84,5975153096081.80
2025-07-31,Budget Receipts,null,null
2025-07-31,Individual Income Taxes,145148350551.34,2204487023729.54
2025-07-31,Corporation Income Taxes,20834781891.63,387107963590.68
2025-07-31,Social Insurance and Retirement Receipts:,null,null
2025-07-31,Employment and General Retirement (Off-Budget),96317000000.00,1084740684159.62
2025-07-31,Employment and General Retirement (On-Budget),29528477746.99,339196314222.96
2025-07-31,Unemployment Insurance,4504439012.08,49384731835.69
2025-07-31,Other Retirement,672353784.79,6995814476.03
2025-07-31,Excise Taxes,9574298911.41,84932758016.77
2025-07-31,Estate and Gift Taxes,1751139946.34,24092505029.49
2025-07-31,Customs Duties,27670054031.40,135687843801.04
2025-07-31,Miscellaneous Receipts,2490952547.19,30012437982.07
2025-07-31,Total Receipts,338491848423.17,4346638076843.89
2025-07-31,(On-Budget),484349696846.34,6523794785368.54
2025-07-31,(Off-Budget),192634000000.00,2169481368319.24
2025-07-31,Budget Outlays,null,null
2025-06-30,Legislative Branch,556464282.89,5311432960.73
2025-06-30,Judicial Branch,649152170.74,7134486918.48
2025-06-30,Department of Agriculture,18188405183.96,176543592085.34
2025-06-30,Social Security Administration,141248813950.97,1230237285349.61
2025-06-30,Independent Agencies,-8424654533.28,5570900607.93
2025-06-30,Allowances,null,null
2025-06-30,Undistributed Offsetting Receipts:,null,null
2025-06-30,Interest,-59365268925.90,-162130919161.64
2025-06-30,Total Outlays,499435329679.20,5345518215303.20
2025-06-30,Office of Personnel Management,10585344830.68,96558567123.54
2025-06-30,Small Business Administration,168315329.87,1703370776.40
2025-06-30,Surplus (+) or Deficit (-),27010022077.77,-1337371986882.48
2025-06-30,International Assistance Programs,3837307729.36,23018298790.78
2025-06-30,National Aeronautics and Space Administration,1830660090.45,18063787405.19
2025-06-30,National Science Foundation,732034324.03,6958880389.78
2025-06-30,Employment and General Retirement (Off-Budget),136149451309.61,988423684159.62
2025-06-30,Other Retirement,666270876.08,6323460691.24
2025-06-30,Budget Receipts,null,null
2025-06-30,Individual Income Taxes,236167732428.22,2059338673178.20
2025-06-30,Corporation Income Taxes,68086435432.83,366273181699.05
2025-06-30,Social Insurance and Retirement Receipts:,null,null
2025-06-30,Department of Justice,3267926326.55,32876416647.31
2025-06-30,Department of Labor,5967784993.37,45278703961.75
2025-06-30,Department of State,2501679011.51,22290689836.73
2025-06-30,Department of Transportation,11207993766.13,85894436976.64
2025-06-30,Department of Housing and Urban Development,7143520358.90,53670964221.01
2025-06-30,Department of the Interior,2027752189.50,16037109931.57
2025-06-30,Department of Veterans Affairs,18193782254.89,277823503416.01
2025-06-30,Corps of Engineers,590167816.77,9704403125.11
2025-06-30,Other Defense Civil Programs,440684598.27,57889542073.17
2025-06-30,Environmental Protection Agency,1547892099.59,32229115491.01
2025-06-30,Executive Office of the President,-460278803.03,-597686166.13
2025-06-30,General Services Administration,-175426360.58,-245288272.12
2025-06-30,Department of the Treasury:,null,null
2025-06-30,Interest on Treasury Debt Securities (Gross),144624683640.20,920965036885.91
2025-06-30,Other,7993650826.22,111286286761.12
2025-06-30,Employment and General Retirement (On-Budget),39925842509.03,309667836475.97
2025-06-30,Unemployment Insurance,6417551111.17,44880292823.61
2025-06-30,Excise Taxes,7596002852.14,75358459105.36
2025-06-30,Estate and Gift Taxes,2486087159.87,22341365083.15
2025-06-30,Customs Duties,26631664231.77,108017789769.64
2025-06-30,Miscellaneous Receipts,2318313846.25,27521485434.88
2025-06-30,Total Receipts,526445351756.97,4008146228420.72
2025-06-30,(On-Budget),780591800894.72,6039445088522.20
2025-06-30,(Off-Budget),272298902619.22,1976847368319.24
2025-06-30,Budget Outlays,null,null
2025-06-30,Department of Commerce,1943261871.16,19569347157.83
2025-06-30,Department of Defense--Military Programs,65755459958.10,647416195561.32
2025-06-30,Department of Education,7894248119.31,100812011190.24
2025-06-30,Department of Energy,4688345803.50,39526462925.51
2025-06-30,Department of Health and Human Services,94991018483.38,1376006763442.22
2025-06-30,Department of Homeland Security,9284608291.69,88114516890.85
2025-05-31,Budget Receipts,null,null
2025-05-31,Department of the Treasury:,null,null
2025-05-31,Surplus (+) or Deficit (-),-316003761189.44,-1364734028767.78
2025-05-31,(Off-Budget),206666000000.00,1704548465700.02
2025-05-31,Interest on Treasury Debt Securities (Gross),92230405249.51,776340353245.71
2025-05-31,Social Security Administration,143634111273.89,1088988471398.64
2025-05-31,Office of Personnel Management,11183921401.92,85973222292.86
2025-05-31,Small Business Administration,184041595.17,1535055446.53
2025-05-31,Budget Outlays,null,null
2025-05-31,National Science Foundation,719526368.99,6226846065.75
2025-05-31,Department of Transportation,9059007803.65,74686443210.51
2025-05-31,Department of Veterans Affairs,46468474958.06,259629721161.12
2025-05-31,Total Outlays,687232618300.20,4846434905431.53
2025-05-31,Corps of Engineers,1809182100.32,9168090021.09
2025-05-31,Other Defense Civil Programs,12807463901.72,57448857474.90
2025-05-31,Department of Labor,4386017575.28,39310918968.38
2025-05-31,Department of State,2203629861.34,19789010825.22
2025-05-31,Estate and Gift Taxes,3230578167.43,19855277923.28
2025-05-31,Department of the Interior,1204384153.39,14009357742.07
2025-05-31,Other,10741577286.70,103292635934.90
2025-05-31,Judicial Branch,821953622.40,6485334747.74
2025-05-31,Department of Homeland Security,9404166582.58,78829908599.16
2025-05-31,Department of Agriculture,16872167900.72,158355186901.38
2025-05-31,Department of Commerce,1196681423.85,17626085286.67
2025-05-31,Department of Defense--Military Programs,72222639479.39,581660735603.22
2025-05-31,Department of Education,6718343116.51,92917763070.93
2025-05-31,Department of Energy,4798420556.83,34838117122.01
2025-05-31,Department of Health and Human Services,223452525098.99,1281015744958.84
2025-05-31,Department of Housing and Urban Development,5860167315.78,46527443862.11
2025-05-31,Department of Justice,3343527295.82,29608490320.76
2025-05-31,Environmental Protection Agency,1308277545.55,30681223391.42
2025-05-31,Executive Office of the President,45737314.96,-137407363.10
2025-05-31,General Services Administration,-22434550.73,-69861911.54
2025-05-31,International Assistance Programs,4296230311.77,19180991061.42
2025-05-31,National Aeronautics and Space Administration,2053527387.65,16233127314.74
2025-05-31,Independent Agencies,3723179784.94,14293997000.59
2025-05-31,Individual Income Taxes,142325462963.74,1823170940749.98
2025-05-31,Corporation Income Taxes,42955225755.90,298186746266.22
2025-05-31,Social Insurance and Retirement Receipts:,null,null
2025-05-31,Employment and General Retirement (Off-Budget),103333000000.00,852274232850.01
2025-05-31,Employment and General Retirement (On-Budget),30375846926.88,269741993966.94
2025-05-31,Unemployment Insurance,13598264735.62,38462741712.44
2025-05-31,Other Retirement,694562637.14,5657189815.16
2025-05-31,Excise Taxes,8357407850.37,67762456253.22
2025-05-31,Customs Duties,22172564539.21,81386125537.87
2025-05-31,Miscellaneous Receipts,4185943534.47,25203171588.63
2025-05-31,Total Receipts,371228857110.76,3481700876663.75
2025-05-31,(On-Budget),535791714221.52,5258853287627.48
2025-05-31,Legislative Branch,545797946.66,4754968677.84
2025-05-31,Allowances,null,null
2025-05-31,Undistributed Offsetting Receipts:,null,null
2025-05-31,Interest,-6040033363.41,-102765927000.34
2025-04-30,Undistributed Offsetting Receipts:,null,null
2025-04-30,Interest,-10983639555.58,-96725893636.93
2025-04-30,Total Outlays,591769368657.85,4159202287131.33
2025-04-30,Surplus (+) or Deficit (-),258399949114.96,-1048730267578.34
2025-04-30,Independent Agencies,3073228269.58,10570817215.65
2025-04-30,Allowances,null,null
2025-04-30,Corporation Income Taxes,93632073559.92,255231520510.32
2025-04-30,Social Insurance and Retirement Receipts:,null,null
2025-04-30,Employment and General Retirement (Off-Budget),131958000000.00,748941232850.01
2025-04-30,Budget Receipts,null,null
2025-04-30,Individual Income Taxes,537032714907.69,1680845477786.24
2025-04-30,Department of the Treasury:,null,null
2025-04-30,Employment and General Retirement (On-Budget),40667681059.83,239366147040.06
2025-04-30,Unemployment Insurance,11066498065.00,24864476976.82
2025-04-30,Other Retirement,711159611.93,4962627178.02
2025-04-30,Excise Taxes,12374274273.37,59405048402.85
2025-04-30,Estate and Gift Taxes,3726171623.90,16624699755.85
2025-04-30,Budget Outlays,null,null
2025-04-30,Small Business Administration,17177253.93,1351013851.36
2025-04-30,Social Security Administration,137745221121.91,945354360124.75
2025-04-30,(Off-Budget),263916000000.00,1497882465700.02
2025-04-30,Environmental Protection Agency,1161509255.30,29372945845.87
2025-04-30,Executive Office of the President,43342261.65,-183144678.06
2025-04-30,General Services Administration,6508711.23,-47427360.81
2025-04-30,International Assistance Programs,1806332463.51,14884760749.65
2025-04-30,National Aeronautics and Space Administration,1914734748.98,14179599927.09
2025-04-30,National Science Foundation,790749318.28,5507319696.76
2025-04-30,Office of Personnel Management,11337649175.63,74789300890.94
2025-04-30,Interest on Treasury Debt Securities (Gross),101650357567.69,684109947996.20
2025-04-30,Other,14820021505.27,92551058648.20
2025-04-30,Department of Veterans Affairs,27858890261.33,213161246203.06
2025-04-30,Corps of Engineers,1196296321.14,7358907920.77
2025-04-30,Other Defense Civil Programs,4336257728.61,44641393573.18
2025-04-30,Miscellaneous Receipts,3366827322.46,21017228054.16
2025-04-30,Total Receipts,850169317772.81,3110472019552.99
2025-04-30,(On-Budget),1436422635545.62,4723061573405.96
2025-04-30,Legislative Branch,526005894.41,4209170731.18
2025-04-30,Customs Duties,15633917348.71,59213560998.66
2025-04-30,Department of Housing and Urban Development,5799691964.49,40667276546.33
2025-04-30,Department of the Interior,1007440961.94,12804973588.68
2025-04-30,Department of Justice,3263991660.10,26264963024.94
2025-04-30,Department of Labor,5027202736.33,34924901393.10
2025-04-30,Department of State,1910804572.42,17585380963.88
2025-04-30,Department of Transportation,9718765817.14,65627435406.86
2025-04-30,Department of Health and Human Services,156252368974.23,1057563219859.85
2025-04-30,Department of Homeland Security,10707996086.41,69425742016.58
2025-04-30,Judicial Branch,781546822.85,5663381125.34
2025-04-30,Department of Agriculture,21316405171.93,141483019000.66
2025-04-30,Department of Commerce,1085412372.79,16429403862.82
2025-04-30,Department of Defense--Military Programs,66373757164.52,509438096123.83
2025-04-30,Department of Education,7324429661.98,86199419954.42
2025-04-30,Department of Energy,3898912387.85,30039696565.18
2025-03-31,Department of Education,8094408761.57,78874990292.44
2025-03-31,Department of Transportation,8643625005.07,55908669589.72
2025-03-31,Allowances,null,null
2025-03-31,Surplus (+) or Deficit (-),-160530321499.36,-1307132216693.30
2025-03-31,Total Outlays,528165492489.68,3567424658520.48
2025-03-31,Undistributed Offsetting Receipts:,null,null
2025-03-31,Interest,-9515494057.66,-85742254081.35
2025-03-31,Department of the Treasury:,null,null
2025-03-31,National Aeronautics and Space Administration,2037665986.79,12264865178.11
2025-03-31,National Science Foundation,785942737.46,4716570378.48
2025-03-31,Office of Personnel Management,10624940619.73,63451651715.31
2025-03-31,Small Business Administration,264050560.24,1333836597.43
2025-03-31,Social Security Administration,144839259642.27,807609139002.84
2025-03-31,Independent Agencies,-3223160349.22,7487328993.07
2025-03-31,Department of Homeland Security,7309599029.05,58717745930.17
2025-03-31,Department of Housing and Urban Development,6435228748.92,34867584581.84
2025-03-31,Department of the Interior,1886489380.09,11797532626.74
2025-03-31,Department of Justice,4423126323.99,23000971364.84
2025-03-31,Department of Labor,5044003916.91,29897698656.77
2025-03-31,Department of State,2509982378.44,15674576391.46
2025-03-31,Interest on Treasury Debt Securities (Gross),104413430717.98,582459590428.51
2025-03-31,Other,23397155399.43,77731037142.93
2025-03-31,Department of Veterans Affairs,15806827916.74,185302355941.73
2025-03-31,Corps of Engineers,849043985.20,6164611599.63
2025-03-31,Other Defense Civil Programs,-563438166.99,40305135844.57
2025-03-31,Environmental Protection Agency,1178714957.19,28211436590.57
2025-03-31,Budget Receipts,null,null
2025-03-31,Individual Income Taxes,185097795331.42,1143812762878.55
2025-03-31,Department of Defense--Military Programs,63490048249.12,443064338959.31
2025-03-31,Department of Energy,3569918889.24,26140784177.33
2025-03-31,Department of Health and Human Services,99200896076.93,901310850885.62
2025-03-31,Executive Office of the President,37444995.79,-226486939.71
2025-03-31,General Services Administration,256611738.01,-53936072.04
2025-03-31,Department of Agriculture,17466124035.81,120166613828.73
2025-03-31,Department of Commerce,4683043897.28,15343991490.03
2025-03-31,International Assistance Programs,2735129342.57,13078428286.14
2025-03-31,Total Receipts,367635170990.32,2260292441827.18
2025-03-31,(On-Budget),509681164846.02,3286618417954.34
2025-03-31,(Off-Budget),225589177134.62,1233966465700.02
2025-03-31,Budget Outlays,null,null
2025-03-31,Legislative Branch,702134799.65,3683164836.77
2025-03-31,Judicial Branch,782736972.08,4881834302.49
2025-03-31,Corporation Income Taxes,17816492072.40,161599446950.40
2025-03-31,Social Insurance and Retirement Receipts:,null,null
2025-03-31,Employment and General Retirement (Off-Budget),112794588567.31,616983232850.01
2025-03-31,Employment and General Retirement (On-Budget),31889465098.74,198698465980.23
2025-03-31,Unemployment Insurance,323116947.17,13797978911.82
2025-03-31,Other Retirement,739213177.92,4251467566.09
2025-03-31,Excise Taxes,7115683214.78,47030774129.48
2025-03-31,Estate and Gift Taxes,1548943351.49,12898528131.95
2025-03-31,Customs Duties,8167908459.56,43579643649.95
2025-03-31,Miscellaneous Receipts,2141964769.53,17640140778.70
2025-02-28,Corps of Engineers,575862941.86,5315567614.43
2025-02-28,Other Defense Civil Programs,6213998174.34,40868574011.56
2025-02-28,Budget Outlays,null,null
2025-02-28,Interest on Treasury Debt Securities (Gross),85872233209.64,478046159710.53
2025-02-28,Department of Veterans Affairs,30818865972.21,169495528024.99
2025-02-28,Department of the Treasury:,null,null
2025-02-28,Other Retirement,659042221.63,3512254388.17
2025-02-28,Excise Taxes,4956983249.01,39915090914.70
2025-02-28,Department of Justice,4146051369.18,18577845040.85
2025-02-28,Department of Labor,6837288114.07,24853694739.86
2025-02-28,Department of State,1406710569.88,13164594013.02
2025-02-28,Department of Transportation,8116156468.65,47265044584.65
2025-02-28,Department of Homeland Security,10273400357.92,51408146901.12
2025-02-28,Department of Housing and Urban Development,6022425962.00,28432355832.92
2025-02-28,Department of the Interior,1549950269.89,9911043246.65
2025-02-28,Customs Duties,7246812675.38,35411735190.39
2025-02-28,Miscellaneous Receipts,2711573337.12,15498176009.17
2025-02-28,Total Receipts,296423683822.57,1892657270836.86
2025-02-28,Legislative Branch,598770567.90,2981030037.12
2025-02-28,Judicial Branch,770934482.22,4099097330.41
2025-02-28,Department of Agriculture,15561035320.59,102700489792.92
2025-02-28,Department of Commerce,1344236292.32,10660947592.75
2025-02-28,Department of Defense--Military Programs,61355477562.27,379574290710.19
2025-02-28,Department of Education,8140999486.44,70780581530.87
2025-02-28,Department of Energy,3782053203.51,22570865288.09
2025-02-28,Department of Health and Human Services,145068089898.19,802109954808.69
2025-02-28,Surplus (+) or Deficit (-),-307017194699.27,-1146601892600.94
2025-02-28,(Off-Budget),204036000000.00,1008377288565.40
2025-02-28,National Aeronautics and Space Administration,1782127561.14,10227199191.32
2025-02-28,National Science Foundation,1018396211.36,3930627641.02
2025-02-28,Office of Personnel Management,8924214247.56,52826711095.58
2025-02-28,Budget Receipts,null,null
2025-02-28,Individual Income Taxes,135400117627.88,958714967547.13
2025-02-28,Corporation Income Taxes,9865937468.37,143782954878.00
2025-02-28,Social Insurance and Retirement Receipts:,null,null
2025-02-28,Employment and General Retirement (Off-Budget),102018000000.00,504188644282.70
2025-02-28,Employment and General Retirement (On-Budget),28936051372.41,166809000881.49
2025-02-28,Unemployment Insurance,2371425515.88,13474861964.65
2025-02-28,Small Business Administration,301116664.66,1069786037.19
2025-02-28,Social Security Administration,134036307734.07,662769879360.57
2025-02-28,Independent Agencies,2956950568.76,10710486749.29
2025-02-28,Allowances,null,null
2025-02-28,Undistributed Offsetting Receipts:,null,null
2025-02-28,Interest,-10350159249.14,-76226760023.69
2025-02-28,Other,64203339488.59,54333881743.50
2025-02-28,Estate and Gift Taxes,2257740354.89,11349584780.46
2025-02-28,Environmental Protection Agency,1186121079.72,27032721633.38
2025-02-28,Executive Office of the President,-447790018.23,-263931935.50
2025-02-28,General Services Administration,-519796756.69,-310547810.05
2025-02-28,International Assistance Programs,1895510766.96,10343298943.57
2025-02-28,Total Outlays,603440878521.84,3039259163437.80
2025-02-28,(On-Budget),388811367645.14,2776937253108.32
2025-01-31,Allowances,null,null
2025-01-31,Undistributed Offsetting Receipts:,null,null
2025-01-31,Independent Agencies,5217874019.64,7753536180.53
2025-01-31,Budget Receipts,null,null
2025-01-31,Department of Energy,4874437729.16,18788812084.58
2025-01-31,Social Insurance and Retirement Receipts:,null,null
2025-01-31,International Assistance Programs,587313307.49,8447788176.61
2025-01-31,National Aeronautics and Space Administration,1673821879.99,8445071630.18
2025-01-31,National Science Foundation,586680795.65,2912231429.66
2025-01-31,Office of Personnel Management,10374772873.59,43902496848.02
2025-01-31,Small Business Administration,461951472.92,768669372.53
2025-01-31,Social Security Administration,133598932229.97,528733571626.50
2025-01-31,Interest,-2695081356.64,-65876600774.55
2025-01-31,Total Outlays,641934549325.42,2435818284915.96
2025-01-31,Executive Office of the President,56973314.53,183858082.73
2025-01-31,General Services Administration,50246197.99,209248946.64
2025-01-31,Surplus (+) or Deficit (-),-128640206673.49,-839584697901.67
2025-01-31,Excise Taxes,8515512389.74,34958107665.69
2025-01-31,Interest on Treasury Debt Securities (Gross),83820977500.98,392173926500.89
2025-01-31,Other,4760965530.80,-9869457745.09
2025-01-31,Department of Veterans Affairs,33558406452.89,138676662052.78
2025-01-31,Corps of Engineers,730222292.80,4739704672.57
2025-01-31,Other Defense Civil Programs,7779956757.35,34654575837.22
2025-01-31,Environmental Protection Agency,1929954933.35,25846600553.66
2025-01-31,Department of the Treasury:,null,null
2025-01-31,Department of Defense--Military Programs,67956304038.17,318218813147.92
2025-01-31,Department of Education,19987071345.22,62639582044.43
2025-01-31,Department of Health and Human Services,204730596953.26,657041864910.50
2025-01-31,Department of Homeland Security,9734939833.84,41134746543.20
2025-01-31,(Off-Budget),242066000000.00,804341288565.40
2025-01-31,Budget Outlays,null,null
2025-01-31,Legislative Branch,603664845.45,2382259469.22
2025-01-31,Judicial Branch,983189146.97,3328162848.19
2025-01-31,Department of Agriculture,19300420694.68,87139454472.33
2025-01-31,Department of Commerce,2834263898.59,9316711300.43
2025-01-31,Department of Housing and Urban Development,4749288587.31,22409929870.92
2025-01-31,Department of the Interior,2635800194.21,8361092976.76
2025-01-31,Department of Justice,3666609509.56,14431793671.67
2025-01-31,Department of Labor,6180965690.75,18016406625.79
2025-01-31,Department of State,2417865965.37,11757883443.14
2025-01-31,Department of Transportation,8785162689.58,39148888116.00
2025-01-31,Miscellaneous Receipts,2475008744.41,12786602672.05
2025-01-31,Total Receipts,513294342651.93,1596233587014.29
2025-01-31,(On-Budget),784522685303.86,2388125885463.18
2025-01-31,Corporation Income Taxes,24436108069.83,133917017409.63
2025-01-31,Employment and General Retirement (Off-Budget),121033000000.00,402170644282.70
2025-01-31,Employment and General Retirement (On-Budget),36113415951.61,137872949509.08
2025-01-31,Unemployment Insurance,4971402670.77,11103436448.77
2025-01-31,Individual Income Taxes,305134643530.82,823314849919.25
2025-01-31,Other Retirement,841920931.88,2853212166.54
2025-01-31,Estate and Gift Taxes,2431914426.29,9091844425.57
2025-01-31,Customs Duties,7341415936.58,28164922515.01
2024-12-31,Executive Office of the President,53796148.13,126884768.20
2024-12-31,General Services Administration,51037689.54,159002748.65
2024-12-31,International Assistance Programs,2876500799.09,7860474869.12
2024-12-31,Department of Commerce,2391864053.60,6482447401.84
2024-12-31,Department of Defense--Military Programs,78782674875.79,250262509109.75
2024-12-31,Department of Education,10719513747.04,42652510699.21
2024-12-31,Department of Agriculture,20813496243.73,67839033777.65
2024-12-31,Budget Outlays,null,null
2024-12-31,Legislative Branch,520444987.05,1778594623.77
2024-12-31,Judicial Branch,790251148.21,2344973701.22
2024-12-31,Department of Energy,4836870598.37,13914374355.42
2024-12-31,Department of Veterans Affairs,30166243636.85,105118255599.89
2024-12-31,Corps of Engineers,1231278735.31,4009482379.77
2024-12-31,Other Defense Civil Programs,7197651039.37,26874619079.87
2024-12-31,Environmental Protection Agency,5768302118.26,23916645620.31
2024-12-31,Budget Receipts,null,null
2024-12-31,Individual Income Taxes,211690870034.82,518180206388.43
2024-12-31,Corporation Income Taxes,87271521497.34,109480909339.80
2024-12-31,Social Insurance and Retirement Receipts:,null,null
2024-12-31,Employment and General Retirement (Off-Budget),98808644282.70,281137644282.70
2024-12-31,Unemployment Insurance,363522840.82,6132033778.00
2024-12-31,Other Retirement,651498586.03,2011291234.66
2024-12-31,Excise Taxes,6407031775.79,26442595275.95
2024-12-31,Estate and Gift Taxes,1638815352.80,6659929999.28
2024-12-31,Customs Duties,6814380564.22,20823506578.43
2024-12-31,Miscellaneous Receipts,3321597196.50,10311593927.64
2024-12-31,Total Receipts,454414708491.47,1082939244362.36
2024-12-31,Employment and General Retirement (On-Budget),37446826360.45,101759533557.47
2024-12-31,Allowances,null,null
2024-12-31,National Aeronautics and Space Administration,2527795996.08,6771249750.19
2024-12-31,National Science Foundation,804687503.57,2325550634.01
2024-12-31,Office of Personnel Management,10291940460.93,33527723974.43
2024-12-31,Small Business Administration,67825027.90,306717899.61
2024-12-31,Social Security Administration,129873414381.20,395134639396.53
2024-12-31,Independent Agencies,-3961531491.83,2535662160.89
2024-12-31,Undistributed Offsetting Receipts:,null,null
2024-12-31,Interest,-57199812923.47,-63181519417.91
2024-12-31,Total Outlays,541146327504.76,1793883735590.54
2024-12-31,Surplus (+) or Deficit (-),-86731619013.29,-710944491228.18
2024-12-31,(On-Budget),711212128417.54,1603603200159.32
2024-12-31,(Off-Budget),197617288565.40,562275288565.40
2024-12-31,Department of the Interior,1765756500.85,5725292782.55
2024-12-31,Department of Justice,4565652684.00,10765184162.11
2024-12-31,Department of Labor,6620627490.62,11835440935.04
2024-12-31,Department of State,3347744556.22,9340032488.91
2024-12-31,Department of Transportation,11352203903.84,30363725426.42
2024-12-31,Department of the Treasury:,null,null
2024-12-31,Interest on Treasury Debt Securities (Gross),139762147207.35,308352948999.91
2024-12-31,Other,7246566570.38,-14630423275.89
2024-12-31,Department of Health and Human Services,99431666963.25,452311267957.24
2024-12-31,Department of Homeland Security,12141286628.03,31399791698.22
2024-12-31,Department of Housing and Urban Development,6308430225.50,17660641283.61
2024-11-30,Budget Receipts,null,null
2024-11-30,Undistributed Offsetting Receipts:,null,null
2024-11-30,Individual Income Taxes,138454500310.65,306489336353.61
2024-11-30,Corporation Income Taxes,9337659788.27,22209387842.46
2024-11-30,Social Insurance and Retirement Receipts:,null,null
2024-11-30,Employment and General Retirement (Off-Budget),94718000000.00,182329000000.00
2024-11-30,Executive Office of the President,32109112.93,73088620.07
2024-11-30,General Services Administration,-203783910.78,107965059.11
2024-11-30,Department of State,2927407193.49,5992287932.69
2024-11-30,Department of Transportation,9243315282.59,19011521522.58
2024-11-30,Department of the Treasury:,null,null
2024-11-30,Interest on Treasury Debt Securities (Gross),86592751811.83,168590801792.56
2024-11-30,Department of Veterans Affairs,44348021782.62,74952011963.04
2024-11-30,Corps of Engineers,981088629.61,2778203644.46
2024-11-30,Other Defense Civil Programs,12647210737.88,19676968040.50
2024-11-30,Environmental Protection Agency,17118663529.57,18148343502.05
2024-11-30,Surplus (+) or Deficit (-),-366763064368.07,-624213407559.98
2024-11-30,Department of Health and Human Services,201203094936.22,352879600993.99
2024-11-30,Department of Homeland Security,9551577918.59,19258505070.19
2024-11-30,Department of Housing and Urban Development,5837083248.28,11352211058.11
2024-11-30,Department of the Interior,2429780854.92,3959765402.09
2024-11-30,Department of Justice,3331545417.36,6199531478.11
2024-11-30,Department of Labor,5415963134.75,5214813444.42
2024-11-30,International Assistance Programs,2233359355.27,4983974070.03
2024-11-30,National Aeronautics and Space Administration,2065986498.73,4243453754.11
2024-11-30,National Science Foundation,727882711.82,1520863130.44
2024-11-30,Office of Personnel Management,11333775461.73,23235783513.50
2024-11-30,Department of Energy,4116266028.04,9077503757.05
2024-11-30,Other,6752930024.56,-21876683621.57
2024-11-30,Total Outlays,668517364180.86,1252737943430.87
2024-11-30,Allowances,null,null
2024-11-30,Interest,-5542255924.58,-5981706494.44
2024-11-30,Budget Outlays,null,null
2024-11-30,Department of Commerce,2824261184.78,4090583348.24
2024-11-30,Department of Defense--Military Programs,72328723228.62,171479834233.96
2024-11-30,Department of Education,9369628433.33,31932996952.17
2024-11-30,Small Business Administration,-617776.54,238892871.71
2024-11-30,Social Security Administration,135135989266.48,265261225015.33
2024-11-30,Independent Agencies,2113895302.53,6497193652.72
2024-11-30,Employment and General Retirement (On-Budget),33493442413.69,64312707197.02
2024-11-30,Unemployment Insurance,2619041708.59,5768510937.18
2024-11-30,Other Retirement,651512078.28,1359792648.63
2024-11-30,Excise Taxes,9577825835.09,20035563500.16
2024-11-30,Estate and Gift Taxes,2244147881.97,5021114646.48
2024-11-30,Customs Duties,6711869037.96,14009126014.21
2024-11-30,Miscellaneous Receipts,3946300758.29,6989996731.14
2024-11-30,Total Receipts,301754299812.79,628524535870.89
2024-11-30,(On-Budget),414072599625.58,892391071741.78
2024-11-30,(Off-Budget),189436000000.00,364658000000.00
2024-11-30,Legislative Branch,625148817.49,1258149636.72
2024-11-30,Judicial Branch,754183197.79,1554722553.01
2024-11-30,Department of Agriculture,22222378690.95,47025537533.92
2024-10-31,Budget Receipts,null,null
2024-10-31,Interest on Treasury Debt Securities (Gross),81998049980.73,81998049980.73
2024-10-31,Total Outlays,584220579250.01,584220579250.01
2024-10-31,Surplus (+) or Deficit (-),-257450343191.91,-257450343191.91
2024-10-31,Other,-28629613646.13,-28629613646.13
2024-10-31,(Off-Budget),175222000000.00,175222000000.00
2024-10-31,Environmental Protection Agency,1029679972.48,1029679972.48
2024-10-31,Department of Labor,-201149690.33,-201149690.33
2024-10-31,Executive Office of the President,40979507.14,40979507.14
2024-10-31,General Services Administration,311748969.89,311748969.89
2024-10-31,International Assistance Programs,2750614714.76,2750614714.76
2024-10-31,National Aeronautics and Space Administration,2177467255.38,2177467255.38
2024-10-31,National Science Foundation,792980418.62,792980418.62
2024-10-31,Office of Personnel Management,11902021310.95,11902021310.95
2024-10-31,Independent Agencies,4383269892.88,4383269892.88
2024-10-31,Budget Outlays,null,null
2024-10-31,Department of the Treasury:,null,null
2024-10-31,Corps of Engineers,1797115014.85,1797115014.85
2024-10-31,Other Defense Civil Programs,7029757302.62,7029757302.62
2024-10-31,Small Business Administration,239510648.25,239510648.25
2024-10-31,Social Security Administration,130125235748.85,130125235748.85
2024-10-31,Allowances,null,null
2024-10-31,Undistributed Offsetting Receipts:,null,null
2024-10-31,Interest,-439450569.86,-439450569.86
2024-10-31,Individual Income Taxes,168034836042.96,168034836042.96
2024-10-31,Corporation Income Taxes,12871728054.19,12871728054.19
2024-10-31,Social Insurance and Retirement Receipts:,null,null
2024-10-31,Employment and General Retirement (Off-Budget),87611000000.00,87611000000.00
2024-10-31,Miscellaneous Receipts,3043695972.85,3043695972.85
2024-10-31,Total Receipts,326770236058.10,326770236058.10
2024-10-31,(On-Budget),478318472116.20,478318472116.20
2024-10-31,Legislative Branch,633016017.36,633016017.36
2024-10-31,Judicial Branch,800539355.22,800539355.22
2024-10-31,Department of Agriculture,24803158842.97,24803158842.97
2024-10-31,Department of Commerce,1266322163.46,1266322163.46
2024-10-31,Department of Defense--Military Programs,99151111005.34,99151111005.34
2024-10-31,Employment and General Retirement (On-Budget),30819264783.33,30819264783.33
2024-10-31,Unemployment Insurance,3149469228.59,3149469228.59
2024-10-31,Other Retirement,708280570.35,708280570.35
2024-10-31,Excise Taxes,10457737665.07,10457737665.07
2024-10-31,Estate and Gift Taxes,2776966764.51,2776966764.51
2024-10-31,Customs Duties,7297256976.25,7297256976.25
2024-10-31,Department of Justice,2867986060.75,2867986060.75
2024-10-31,Department of State,3064880739.20,3064880739.20
2024-10-31,Department of Transportation,9768206239.99,9768206239.99
2024-10-31,Department of Veterans Affairs,30603990180.42,30603990180.42
2024-10-31,Department of Health and Human Services,151676506057.77,151676506057.77
2024-10-31,Department of Homeland Security,9706927151.60,9706927151.60
2024-10-31,Department of Housing and Urban Development,5515127809.83,5515127809.83
2024-10-31,Department of the Interior,1529984547.17,1529984547.17
2024-10-31,Department of Education,22563368518.84,22563368518.84
2024-10-31,Department of Energy,4961237729.01,4961237729.01
2024-09-30,Department of Homeland Security,9247661913.44,89290216220.96
2024-09-30,Department of Veterans Affairs,15766804953.29,325003956976.46
2024-09-30,Corps of Engineers,1109527081.42,11344677273.98
2024-09-30,Other Defense Civil Programs,755013723.81,66220043552.27
2024-09-30,Environmental Protection Agency,1848368082.85,13699163398.55
2024-09-30,Department of Defense--Military Programs,72311690298.33,826277202762.02
2024-09-30,Department of Education,17813729681.94,268353372684.90
2024-09-30,Department of Energy,4096659556.60,49315438988.11
2024-09-30,Department of Health and Human Services,102757768158.56,1720621158800.69
2024-09-30,Small Business Administration,204564387.87,33196528082.90
2024-09-30,Total Receipts,527619710977.08,4918735644738.25
2024-09-30,Legislative Branch,681642115.49,6835068061.10
2024-09-30,Judicial Branch,878740260.44,9480265838.79
2024-09-30,Department of Agriculture,11303828671.73,203401814756.04
2024-09-30,Department of Commerce,2018699469.18,14831117302.52
2024-09-30,Executive Office of the President,32692005.51,606567066.14
2024-09-30,General Services Administration,-349779707.26,-244132984.52
2024-09-30,International Assistance Programs,5545086586.61,35794149352.23
2024-09-30,National Aeronautics and Space Administration,2093385634.88,25014807017.48
2024-09-30,National Science Foundation,1015349189.96,9391513256.06
2024-09-30,Office of Personnel Management,10378247318.05,126172842066.94
2024-09-30,Budget Receipts,null,null
2024-09-30,Individual Income Taxes,250057480042.22,2426066988325.89
2024-09-30,Corporation Income Taxes,108555215801.52,529866802637.57
2024-09-30,Social Insurance and Retirement Receipts:,null,null
2024-09-30,Employment and General Retirement (Off-Budget),106197365169.24,1259882731356.88
2024-09-30,Employment and General Retirement (On-Budget),34880466258.91,393115081119.86
2024-09-30,Unemployment Insurance,864557112.04,48606716906.94
2024-09-30,Other Retirement,709542740.73,7953956052.72
2024-09-30,Excise Taxes,12295634806.79,101435326697.24
2024-09-30,Estate and Gift Taxes,2204100802.14,31615876108.98
2024-09-30,Customs Duties,7249259468.35,77036909944.89
2024-09-30,Miscellaneous Receipts,4606088775.14,43155255587.28
2024-09-30,Department of Housing and Urban Development,4491428557.43,51976383408.32
2024-09-30,Department of the Interior,2632298646.17,17088400064.55
2024-09-30,Department of Justice,4457217658.18,43995386584.96
2024-09-30,Department of Labor,3834539517.18,65671621656.18
2024-09-30,Department of State,5823939173.78,37017135976.76
2024-09-30,Department of Transportation,16953542129.57,117389456147.83
2024-09-30,Department of the Treasury:,null,null
2024-09-30,Interest on Treasury Debt Securities (Gross),84448301831.80,1133036890149.16
2024-09-30,Surplus (+) or Deficit (-),64263008867.74,-1832815989074.04
2024-09-30,Budget Outlays,null,null
2024-09-30,(On-Budget),842844691615.68,7317705826762.74
2024-09-30,(Off-Budget),212394730338.48,2519765462713.76
2024-09-30,Other,-35471830456.40,37066413067.33
2024-09-30,Total Outlays,463356702109.34,6751551633812.29
2024-09-30,Social Security Administration,124465163868.08,1519733645413.99
2024-09-30,Independent Agencies,-3105838433.53,77793153994.91
2024-09-30,Allowances,null,null
2024-09-30,Undistributed Offsetting Receipts:,null,null
2024-09-30,Interest,-4681739765.62,-183822623125.32
2024-08-31,Department of Housing and Urban Development,6134169285.05,47484954850.89
2024-08-31,Department of the Interior,359121745.08,14456177131.16
2024-08-31,Department of Justice,3660855809.91,39538168926.78
2024-08-31,Department of Labor,11437368312.18,61837082139.00
2024-08-31,Department of State,3425113534.08,31193196802.98
2024-08-31,Department of Transportation,11241996385.13,100435836326.82
2024-08-31,Department of the Treasury:,null,null
2024-08-31,Interest on Treasury Debt Securities (Gross),92293475443.58,1048588588317.36
2024-08-31,Department of Veterans Affairs,45267350831.19,309237152023.17
2024-08-31,Corps of Engineers,1058097564.58,10235150192.56
2024-08-31,Other Defense Civil Programs,11864584986.40,65465029828.46
2024-08-31,Budget Receipts,null,null
2024-08-31,Department of Health and Human Services,201787797555.69,1617863390642.13
2024-08-31,Department of Homeland Security,6890034890.13,80042554307.52
2024-08-31,Environmental Protection Agency,1341798139.31,11850795315.70
2024-08-31,Executive Office of the President,73943612.56,573875060.63
2024-08-31,General Services Administration,233517071.29,105646722.74
