record_date,classification_desc,current_month_budget_amt,current_fytd_budget_amt,prior_fytd_budget_amt
2026-03-31,Off-Budget Outlays,136782628212.31,748645803220.91,698971246268.99
2026-03-31,Total Surplus (+) or Deficit (-),-164100338817.86,-1168578964500.96,-1307130216693.30
2026-03-31,On-Budget Surplus (+) or Deficit (-),-146870111351.32,-1071644855403.25,-1225142203274.32
2026-03-31,Off-Budget Surplus (+) or Deficit (-),-17230227466.54,-96934109097.71,-81988013418.98
2026-03-31,Means of Financing:,null,null,null
2026-03-31,"Reduction of Operating Cash, Increase (-)",-94057279204.09,-2174740545.53,479939562513.76
2026-03-31,By Other Means,14134871627.82,78101580873.13,220416754887.93
2026-03-31,Total On-Budget and Off-Budget Results:,null,null,null
2026-03-31,Total Receipts,384862577035.79,2482793247535.73,2260302701780.18
2026-03-31,On-Budget Receipts,265310176290.02,1831081553412.53,1643319468930.17
2026-03-31,Off-Budget Receipts,119552400745.77,651711694123.20,616983232850.01
2026-03-31,Total Outlays,548962915853.65,3651372212036.69,3567432918473.48
2026-03-31,On-Budget Outlays,412180287641.34,2902726408815.78,2868461672204.49
2026-03-31,Total On-Budget and Off-Budget Financing,164100338817.86,1168578964500.96,1307130216693.30
2026-03-31,Borrowing from the Public,244022746394.13,1092652124173.36,606773899291.61
2026-02-28,Total On-Budget and Off-Budget Results:,null,null,null
2026-02-28,Off-Budget Outlays,136493859165.54,611863175008.60,555551876790.32
2026-02-28,Total Receipts,313121685246.84,2097930670499.94,1892657270836.86
2026-02-28,By Other Means,-53703642652.58,63966709245.31,215684944716.69
2026-02-28,On-Budget Surplus (+) or Deficit (-),-279168574260.63,-924774744051.93,-1095238662686.32
2026-02-28,Off-Budget Surplus (+) or Deficit (-),-28332859165.54,-79703881631.17,-51363232507.62
2026-02-28,Total On-Budget and Off-Budget Financing,307501433426.17,1004478625683.10,1146601895193.94
2026-02-28,Means of Financing:,null,null,null
2026-02-28,Borrowing from the Public,266902563923.40,848629377779.23,604773721013.08
2026-02-28,"Reduction of Operating Cash, Increase (-)",94302512155.35,91882538658.56,326143229464.17
2026-02-28,On-Budget Receipts,204960685246.84,1565771377122.51,1388468626554.16
2026-02-28,Off-Budget Receipts,108161000000.00,532159293377.43,504188644282.70
2026-02-28,Total Outlays,620623118673.01,3102409296183.04,3039259166030.80
2026-02-28,On-Budget Outlays,484129259507.47,2490546121174.44,2483707289240.48
2026-02-28,Total Surplus (+) or Deficit (-),-307501433426.17,-1004478625683.10,-1146601895193.94
2026-01-31,Total On-Budget and Off-Budget Results:,null,null,null
2026-01-31,Total Receipts,559935445930.71,1784692530600.64,1596233587014.29
2026-01-31,Off-Budget Surplus (+) or Deficit (-),3581741555.98,-51371022465.63,-27713452998.39
2026-01-31,Total On-Budget and Off-Budget Financing,94615162369.21,696977192256.93,839584697901.67
2026-01-31,Means of Financing:,null,null,null
2026-01-31,Borrowing from the Public,70901310952.56,581726813855.83,602188070317.36
2026-01-31,"Reduction of Operating Cash, Increase (-)",-20391803595.39,-2419973496.79,92699923653.30
2026-01-31,By Other Means,44105655012.04,117670351897.89,144696703931.01
2026-01-31,On-Budget Surplus (+) or Deficit (-),-98196903925.19,-645606169791.30,-811871244903.28
2026-01-31,On-Budget Receipts,431467445930.71,1360694237223.21,1194062942731.59
2026-01-31,Off-Budget Receipts,128468000000.00,423998293377.43,402170644282.70
2026-01-31,Total Outlays,654550608299.92,2481669722857.57,2435818284915.96
2026-01-31,On-Budget Outlays,529664349855.90,2006300407014.51,2005934187634.87
2026-01-31,Off-Budget Outlays,124886258444.02,475369315843.06,429884097281.09
2026-01-31,Total Surplus (+) or Deficit (-),-94615162369.21,-696977192256.93,-839584697901.67
2025-12-31,Total On-Budget and Off-Budget Results:,null,null,null
2025-12-31,Total Receipts,484384015539.25,1224757084669.93,1082939244362.36
2025-12-31,On-Budget Receipts,379558722161.82,929226791292.50,801801600079.66
2025-12-31,Off-Budget Receipts,104825293377.43,295530293377.43,281137644282.70
2025-12-31,Total Outlays,629133251148.53,1827133546184.93,1793883735590.54
2025-12-31,On-Budget Outlays,531369413727.40,1476650488785.89,1475672905511.76
2025-12-31,Off-Budget Outlays,97763837421.13,350483057399.04,318210830078.78
2025-12-31,Total Surplus (+) or Deficit (-),-144749235609.28,-602376461515.00,-710944491228.18
2025-12-31,On-Budget Surplus (+) or Deficit (-),-151810691565.58,-547423697493.39,-673871305432.10
2025-12-31,Off-Budget Surplus (+) or Deficit (-),7061455956.30,-54952764021.61,-37073185796.08
2025-12-31,Total On-Budget and Off-Budget Financing,144749235609.28,602376461515.00,710944491228.18
2025-12-31,Means of Financing:,null,null,null
2025-12-31,Borrowing from the Public,73412633725.17,510825502903.27,531736654040.69
2025-12-31,"Reduction of Operating Cash, Increase (-)",83161058165.98,17971830098.60,163833149133.74
2025-12-31,By Other Means,-11824456281.87,73579128513.13,15374688053.75
2025-11-30,Total On-Budget and Off-Budget Results:,null,null,null
2025-11-30,Total Receipts,336001195709.96,740372544683.66,628524535870.89
2025-11-30,On-Budget Receipts,236841195709.96,549667544683.66,446195535870.89
2025-11-30,Off-Budget Receipts,99160000000.00,190705000000.00,182329000000.00
2025-11-30,Total Outlays,509278370786.88,1197999770543.38,1252737408085.78
2025-11-30,On-Budget Outlays,377574915793.55,945280550565.47,1021998049992.53
2025-11-30,Off-Budget Outlays,131703454993.33,252719219977.91,230739358093.25
2025-11-30,Total Surplus (+) or Deficit (-),-173277175076.92,-457627225859.72,-624212872214.89
2025-11-30,On-Budget Surplus (+) or Deficit (-),-140733720083.59,-395613005881.81,-575802514121.64
2025-11-30,Off-Budget Surplus (+) or Deficit (-),-32543454993.33,-62014219977.91,-48410358093.25
2025-11-30,Total On-Budget and Off-Budget Financing,173277175076.92,457627225859.72,624212872214.89
2025-11-30,Means of Financing:,null,null,null
2025-11-30,Borrowing from the Public,141587327951.78,437412869178.10,483465846075.62
2025-11-30,"Reduction of Operating Cash, Increase (-)",-29686719091.45,-65189228067.38,128847190030.59
2025-11-30,By Other Means,61376566216.59,85403584749.00,11899836108.68
2025-10-31,Total On-Budget and Off-Budget Results:,null,null,null
2025-10-31,Total Receipts,404371348973.70,404371348973.70,326770236058.10
2025-10-31,On-Budget Receipts,312826348973.70,312826348973.70,239159236058.10
2025-10-31,Off-Budget Receipts,91545000000.00,91545000000.00,87611000000.00
2025-10-31,Total Outlays,688721399756.50,688721399756.50,584220273025.31
2025-10-31,On-Budget Outlays,567705634771.92,567705634771.92,475361185296.56
2025-10-31,Off-Budget Outlays,121015764984.58,121015764984.58,108859087728.75
2025-10-31,Total Surplus (+) or Deficit (-),-284350050782.80,-284350050782.80,-257450036967.21
2025-10-31,On-Budget Surplus (+) or Deficit (-),-254879285798.22,-254879285798.22,-236201949238.46
2025-10-31,Off-Budget Surplus (+) or Deficit (-),-29470764984.58,-29470764984.58,-21248087728.75
2025-10-31,Total On-Budget and Off-Budget Financing,284350050782.80,284350050782.80,257450036967.21
2025-10-31,Means of Financing:,null,null,null
2025-10-31,Borrowing from the Public,295825541226.32,295825541226.32,262171218266.91
2025-10-31,"Reduction of Operating Cash, Increase (-)",-35502508975.93,-35502508975.93,-35316249698.47
2025-10-31,By Other Means,24027018532.41,24027018532.41,30595068398.77
2025-09-30,On-Budget Surplus (+) or Deficit (-),230396067627.37,-1627486700338.27,-1756361468333.34
2025-09-30,Off-Budget Surplus (+) or Deficit (-),-32446437265.21,-147870580395.60,-60428731294.87
2025-09-30,Total On-Budget and Off-Budget Financing,-197949630362.16,1775357280733.87,1816790199628.21
2025-09-30,Means of Financing:,null,null,null
2025-09-30,Borrowing from the Public,309492305876.62,1973088794553.01,1959809451328.12
2025-09-30,"Reduction of Operating Cash, Increase (-)",-335601134759.25,-5099671715.67,-228836065771.59
2025-09-30,By Other Means,-171840801479.53,-192631842103.47,85831072071.68
2025-09-30,Total On-Budget and Off-Budget Results:,null,null,null
2025-09-30,Total Receipts,543662987461.22,5234616386315.43,4918105525514.85
2025-09-30,On-Budget Receipts,443534036493.58,3950880751188.17,3658222794157.97
2025-09-30,Off-Budget Receipts,100128950967.64,1283735635127.26,1259882731356.88
2025-09-30,Total Outlays,345713357099.06,7009973667049.30,6734895725143.06
2025-09-30,On-Budget Outlays,213137968866.21,5578367451526.44,5414584262491.31
2025-09-30,Off-Budget Outlays,132575388232.85,1431606215522.86,1320311462651.75
2025-09-30,Total Surplus (+) or Deficit (-),197949630362.16,-1775357280733.87,-1816790199628.21
2025-08-31,On-Budget Receipts,245449322010.32,3507346714694.59,3237430567573.53
2025-08-31,Off-Budget Receipts,98866000000.00,1183606684159.62,1153685366187.64
2025-08-31,Total On-Budget and Off-Budget Results:,null,null,null
2025-08-31,Total Receipts,344315322010.32,4690953398854.21,4391115933761.17
2025-08-31,Borrowing from the Public,439268245192.29,1663596488676.39,1816101669252.04
2025-08-31,"Reduction of Operating Cash, Increase (-)",-57628337975.14,330501463043.58,-52623363833.16
2025-08-31,By Other Means,-36848015359.03,-20791040623.94,133600692522.90
2025-08-31,Total On-Budget and Off-Budget Financing,344791891858.12,1973306911096.03,1897078997941.78
2025-08-31,Means of Financing:,null,null,null
2025-08-31,Total Outlays,689107213868.44,6664260309950.24,6288194931702.95
2025-08-31,On-Budget Outlays,555571667696.06,5365229482660.23,5090878918538.74
2025-08-31,Off-Budget Outlays,133535546172.38,1299030827290.01,1197316013164.21
2025-08-31,Total Surplus (+) or Deficit (-),-344791891858.12,-1973306911096.03,-1897078997941.78
2025-08-31,On-Budget Surplus (+) or Deficit (-),-310122345685.74,-1857882767965.64,-1853448350965.21
2025-08-31,Off-Budget Surplus (+) or Deficit (-),-34669546172.38,-115424143130.39,-43630646976.57
2025-07-31,Total On-Budget and Off-Budget Results:,null,null,null
2025-07-31,Total Receipts,338491848423.17,4346638076843.89,4084576196741.85
2025-07-31,On-Budget Receipts,242174848423.17,3261897392684.27,3027730830554.21
2025-07-31,Off-Budget Receipts,96317000000.00,1084740684159.62,1056845366187.64
2025-07-31,Total Surplus (+) or Deficit (-),-291142660287.67,-1628515019237.91,-1516998592507.28
2025-07-31,On-Budget Surplus (+) or Deficit (-),-273068367823.79,-1547760422279.90,-1499330725925.42
2025-07-31,Off-Budget Surplus (+) or Deficit (-),-18074292463.88,-80754596958.01,-17667866581.86
2025-07-31,Total On-Budget and Off-Budget Financing,291142660287.67,1628515019237.91,1516998592507.28
2025-07-31,Total Outlays,629634508710.84,5975153096081.80,5601574789249.13
2025-07-31,On-Budget Outlays,515243216246.96,4809657814964.17,4527061556479.63
2025-07-31,Off-Budget Outlays,114391292463.88,1165495281117.63,1074513232769.50
2025-07-31,Means of Financing:,null,null,null
2025-07-31,Borrowing from the Public,572765247509.72,1224328243484.10,1579794473572.21
2025-07-31,"Reduction of Operating Cash, Increase (-)",-40615170572.89,388129801018.72,-197111438369.74
2025-07-31,By Other Means,-241007416649.16,16056974735.09,134315557304.81
2025-06-30,Total Receipts,526445351756.97,4008146228420.72,3754198768441.76
2025-06-30,On-Budget Receipts,390295900447.36,3019722544261.10,2791771402254.12
2025-06-30,Off-Budget Receipts,136149451309.61,988423684159.62,962427366187.64
2025-06-30,Total Outlays,499435329679.20,5345518215303.20,5027456273651.61
2025-06-30,Total On-Budget and Off-Budget Results:,null,null,null
2025-06-30,By Other Means,75315947032.17,257064019316.49,133735004686.35
2025-06-30,Off-Budget Surplus (+) or Deficit (-),29572059936.78,-62680304494.13,-2539421591.49
2025-06-30,Total On-Budget and Off-Budget Financing,-27010022077.77,1337371986882.48,1273257505209.85
2025-06-30,Means of Financing:,null,null,null
2025-06-30,Borrowing from the Public,3211778433.56,651562995974.38,1260430967641.22
2025-06-30,"Reduction of Operating Cash, Increase (-)",-105537747543.50,428744971591.61,-120908467117.72
2025-06-30,On-Budget Surplus (+) or Deficit (-),-2562037859.01,-1274691682388.35,-1270718083618.36
2025-06-30,On-Budget Outlays,392857938306.37,4294414226649.45,4062489485872.48
2025-06-30,Off-Budget Outlays,106577391372.83,1051103988653.75,964966787779.13
2025-06-30,Total Surplus (+) or Deficit (-),27010022077.77,-1337371986882.48,-1273257505209.85
2025-05-31,Total On-Budget and Off-Budget Results:,null,null,null
2025-05-31,Total Receipts,371228857110.76,3481700876663.75,3287943850034.60
2025-05-31,On-Budget Receipts,267895857110.76,2629426643813.74,2464727709069.14
2025-05-31,Off-Budget Receipts,103333000000.00,852274232850.01,823216140965.46
2025-05-31,Total Outlays,687232618300.20,4846434905431.53,4490236062768.11
2025-05-31,On-Budget Outlays,556817843593.27,3901908308150.61,3620452567382.28
2025-05-31,Off-Budget Outlays,130414774706.93,944526597280.92,869783495385.83
2025-05-31,Borrowing from the Public,98622165355.03,648353204837.34,1250320922912.67
2025-05-31,"Reduction of Operating Cash, Increase (-)",326213841330.02,534282719135.11,-62036494352.22
2025-05-31,By Other Means,-108832245495.61,182098104795.33,14007784173.06
2025-05-31,Total On-Budget and Off-Budget Financing,316003761189.44,1364734028767.78,1202292212733.51
2025-05-31,Means of Financing:,null,null,null
2025-05-31,Off-Budget Surplus (+) or Deficit (-),-27081774706.93,-92252364430.91,-46567354420.37
2025-05-31,Total Surplus (+) or Deficit (-),-316003761189.44,-1364734028767.78,-1202292212733.51
2025-05-31,On-Budget Surplus (+) or Deficit (-),-288921986482.51,-1272481664336.87,-1155724858313.14
2025-04-30,Total On-Budget and Off-Budget Results:,null,null,null
2025-04-30,Total Receipts,850169317772.81,3110472019552.99,2964296863056.20
2025-04-30,On-Budget Receipts,718211317772.81,2361530786702.98,2241078722090.74
2025-04-30,Off-Budget Receipts,131958000000.00,748941232850.01,723218140965.46
2025-04-30,Total Outlays,591769368657.85,4159202287131.33,3819458182098.06
2025-04-30,On-Budget Outlays,476628792352.85,3345090464557.34,3069341767108.88
2025-04-30,Off-Budget Outlays,115140576305.00,814111822573.99,750116414989.18
2025-04-30,Total Surplus (+) or Deficit (-),258399949114.96,-1048730267578.34,-855161319041.86
2025-04-30,On-Budget Surplus (+) or Deficit (-),241582525419.96,-983559677854.36,-828263045018.14
2025-04-30,Off-Budget Surplus (+) or Deficit (-),16817423695.00,-65170589723.98,-26898274023.72
2025-04-30,Total On-Budget and Off-Budget Financing,-258399949114.96,1048730267578.34,855161319041.86
2025-04-30,Means of Financing:,null,null,null
2025-04-30,Borrowing from the Public,-57042859809.30,549731039482.31,1128224206785.68
2025-04-30,"Reduction of Operating Cash, Increase (-)",-271870684708.67,208068877805.09,-305539127752.43
2025-04-30,By Other Means,70513595403.01,290930350290.94,32476240008.61
2025-03-31,On-Budget Receipts,254840582423.01,1643309208977.17,1593761628913.80
2025-03-31,Off-Budget Receipts,112794588567.31,616983232850.01,594337140965.46
2025-03-31,Total Outlays,528165492489.68,3567424658520.48,3252789395546.45
2025-03-31,Total On-Budget and Off-Budget Results:,null,null,null
2025-03-31,Total Receipts,367635170990.32,2260292441827.18,2188098769879.26
2025-03-31,On-Budget Outlays,384746123011.01,2868453412251.49,2607562710674.07
2025-03-31,Off-Budget Outlays,143419369478.67,698971246268.99,645226684872.38
2025-03-31,Total Surplus (+) or Deficit (-),-160530321499.36,-1307132216693.30,-1064690625667.19
2025-03-31,On-Budget Surplus (+) or Deficit (-),-129905540588.00,-1225144203274.32,-1013801081760.27
2025-03-31,Off-Budget Surplus (+) or Deficit (-),-30624780911.36,-81988013418.98,-50889543906.92
2025-03-31,Total On-Budget and Off-Budget Financing,160530321499.36,1307132216693.30,1064690625667.19
2025-03-31,Means of Financing:,null,null,null
2025-03-31,Borrowing from the Public,2000178278.53,606773899291.61,1162235067086.56
2025-03-31,"Reduction of Operating Cash, Increase (-)",153796333049.59,479939562513.76,-118378757025.90
2025-03-31,By Other Means,4733810171.24,220418754887.93,20834315606.53
2025-02-28,Means of Financing:,null,null,null
2025-02-28,Total On-Budget and Off-Budget Results:,null,null,null
2025-02-28,Total Receipts,296423683822.57,1892657270836.86,1856019955483.28
2025-02-28,On-Budget Receipts,194405683822.57,1388468626554.16,1369611657732.90
2025-02-28,Off-Budget Receipts,102018000000.00,504188644282.70,486408297750.38
2025-02-28,Total Outlays,603440878521.84,3039259163437.80,2684154627875.25
2025-02-28,"Reduction of Operating Cash, Increase (-)",233443305810.87,326143229464.17,-180209785862.73
2025-02-28,By Other Means,70988238192.68,215684942123.69,-19087892221.34
2025-02-28,On-Budget Outlays,477773099012.61,2483707286647.48,2160459748916.95
2025-02-28,Off-Budget Outlays,125667779509.23,555551876790.32,523694878958.30
2025-02-28,Total Surplus (+) or Deficit (-),-307017194699.27,-1146601892600.94,-828134672391.97
2025-02-28,On-Budget Surplus (+) or Deficit (-),-283367415190.04,-1095238660093.32,-790848091184.05
2025-02-28,Off-Budget Surplus (+) or Deficit (-),-23649779509.23,-51363232507.62,-37286581207.92
2025-02-28,Total On-Budget and Off-Budget Financing,307017194699.27,1146601892600.94,828134672391.97
2025-02-28,Borrowing from the Public,2585650695.72,604773721013.08,1027432350476.04
2025-01-31,Total On-Budget and Off-Budget Results:,null,null,null
2025-01-31,Total Receipts,513294342651.93,1596233587014.29,1584893886724.19
2025-01-31,On-Budget Receipts,392261342651.93,1194062942731.59,1196268588973.81
2025-01-31,Off-Budget Receipts,121033000000.00,402170644282.70,388625297750.38
2025-01-31,Total Outlays,641934549325.42,2435818284915.96,2116753907274.97
2025-01-31,On-Budget Outlays,530261282123.11,2005934187634.87,1712405843221.60
2025-01-31,Off-Budget Outlays,111673267202.31,429884097281.09,404348064053.37
2025-01-31,Total Surplus (+) or Deficit (-),-128640206673.49,-839584697901.67,-531860020550.78
2025-01-31,On-Budget Surplus (+) or Deficit (-),-137999939471.18,-811871244903.28,-516137254247.79
2025-01-31,Off-Budget Surplus (+) or Deficit (-),9359732797.69,-27713452998.39,-15722766302.99
2025-01-31,Total On-Budget and Off-Budget Financing,128640206673.49,839584697901.67,531860020550.78
2025-01-31,Borrowing from the Public,70451416276.67,602188070317.36,725066393777.65
2025-01-31,"Reduction of Operating Cash, Increase (-)",-71133225480.44,92699923653.30,-208591712342.50
2025-01-31,By Other Means,129322015877.26,144696703931.01,15385339115.63
2025-01-31,Means of Financing:,null,null,null
2024-12-31,Total On-Budget and Off-Budget Results:,null,null,null
2024-12-31,Total Receipts,454414708491.47,1082939244362.36,1107574231267.03
2024-12-31,On-Budget Receipts,355606064208.77,801801600079.66,835947933516.65
2024-12-31,Off-Budget Receipts,98808644282.70,281137644282.70,271626297750.38
2024-12-31,Total Outlays,541146327504.76,1793883735590.54,1617503899248.09
2024-12-31,On-Budget Outlays,453674855519.23,1475672905511.76,1317175543532.67
2024-12-31,Off-Budget Outlays,87471471985.53,318210830078.78,300328355715.42
2024-12-31,Total Surplus (+) or Deficit (-),-86731619013.29,-710944491228.18,-509929667981.06
2024-12-31,On-Budget Surplus (+) or Deficit (-),-98068791310.46,-673871305432.10,-481227610016.02
2024-12-31,Means of Financing:,null,null,null
2024-12-31,"Reduction of Operating Cash, Increase (-)",34985959103.15,163833149133.74,-111700818408.44
2024-12-31,By Other Means,3474851945.07,15374688053.75,34245056770.52
2024-12-31,Off-Budget Surplus (+) or Deficit (-),11337172297.17,-37073185796.08,-28702057965.04
2024-12-31,Total On-Budget and Off-Budget Financing,86731619013.29,710944491228.18,509929667981.06
2024-12-31,Borrowing from the Public,48270807965.07,531736654040.69,587385429618.98
2024-11-30,Total On-Budget and Off-Budget Results:,null,null,null
2024-11-30,Total Receipts,301754299812.79,628524535870.89,678263576700.95
2024-11-30,On-Budget Receipts,207036299812.79,446195535870.89,508840576700.95
2024-11-30,Off-Budget Receipts,94718000000.00,182329000000.00,169423000000.00
2024-11-30,Total Outlays,668517364180.86,1252737943430.87,1058839130117.77
2024-11-30,On-Budget Outlays,546637093816.36,1021998585337.62,842116444934.79
2024-11-30,Off-Budget Outlays,121880270364.50,230739358093.25,216722685182.98
2024-11-30,Total Surplus (+) or Deficit (-),-366763064368.07,-624213407559.98,-380575553416.82
2024-11-30,Means of Financing:,null,null,null
2024-11-30,Borrowing from the Public,221294627808.71,483465846075.62,487107721283.28
2024-11-30,"Reduction of Operating Cash, Increase (-)",164163439729.06,128847190030.59,-101962024946.66
2024-11-30,By Other Means,-18695003169.70,11900371453.77,-4570142919.80
2024-11-30,Total On-Budget and Off-Budget Financing,366763064368.07,624213407559.98,380575553416.82
2024-11-30,Off-Budget Surplus (+) or Deficit (-),-27162270364.50,-48410358093.25,-47299685182.98
2024-11-30,On-Budget Surplus (+) or Deficit (-),-339600794003.57,-575803049466.73,-333275868233.84
2024-10-31,Total On-Budget and Off-Budget Results:,null,null,null
2024-10-31,Total Receipts,326770236058.10,326770236058.10,403433540919.80
2024-10-31,On-Budget Receipts,239159236058.10,239159236058.10,321847540919.80
2024-10-31,Off-Budget Receipts,87611000000.00,87611000000.00,81586000000.00
2024-10-31,Total Outlays,584220579250.01,584220579250.01,469997092049.53
2024-10-31,On-Budget Outlays,475361491521.26,475361491521.26,366984047256.46
2024-10-31,Off-Budget Outlays,108859087728.75,108859087728.75,103013044793.07
2024-10-31,Total Surplus (+) or Deficit (-),-257450343191.91,-257450343191.91,-66563551129.73
2024-10-31,On-Budget Surplus (+) or Deficit (-),-236202255463.16,-236202255463.16,-45136506336.66
2024-10-31,Off-Budget Surplus (+) or Deficit (-),-21248087728.75,-21248087728.75,-21427044793.07
2024-10-31,Total On-Budget and Off-Budget Financing,257450343191.91,257450343191.91,66563551129.73
2024-10-31,Means of Financing:,null,null,null
2024-10-31,Borrowing from the Public,262171218266.91,262171218266.91,226047095209.68
2024-10-31,"Reduction of Operating Cash, Increase (-)",-35316249698.47,-35316249698.47,-175522786313.72
2024-10-31,By Other Means,30595374623.47,30595374623.47,16039242233.77
2024-09-30,Off-Budget Receipts,106197365169.24,1259882731356.88,1193755320518.17
2024-09-30,Total Outlays,463356702109.34,6751551633812.29,6134525719857.94
2024-09-30,On-Budget Outlays,340361252621.80,5431240171160.54,4913425294228.41
2024-09-30,Off-Budget Outlays,122995449487.54,1320311462651.75,1221100425629.53
2024-09-30,Total On-Budget and Off-Budget Results:,null,null,null
2024-09-30,Total Receipts,527619710977.08,4918735644738.25,4439285983839.27
2024-09-30,On-Budget Receipts,421422345807.84,3658852913381.37,3245530663321.10
2024-09-30,Total Surplus (+) or Deficit (-),64263008867.74,-1832815989074.04,-1695239736018.67
2024-09-30,On-Budget Surplus (+) or Deficit (-),81061093186.04,-1772387257779.17,-1667894630907.31
2024-09-30,Off-Budget Surplus (+) or Deficit (-),-16798084318.30,-60428731294.87,-27345105111.36
2024-09-30,Total On-Budget and Off-Budget Financing,-64263008867.74,1832815989074.04,1695239736018.67
2024-09-30,Means of Financing:,null,null,null
2024-09-30,Borrowing from the Public,143707782076.08,1959809451328.12,1982669321193.69
2024-09-30,"Reduction of Operating Cash, Increase (-)",-176212701938.43,-228836065771.59,-20895818153.94
2024-09-30,By Other Means,-31758089005.39,101842750421.51,-266533767045.38
2024-08-31,Total On-Budget and Off-Budget Results:,null,null,null
2024-08-31,Total Receipts,306539737019.32,4391115933761.17,3971811056550.58
2024-08-31,On-Budget Receipts,209699737019.32,3237430567573.53,2874983517731.36
2024-08-31,Off-Budget Receipts,96840000000.00,1153685366187.64,1096827538819.22
2024-08-31,Total Outlays,686620142453.82,6288194931702.95,5496335854908.69
2024-08-31,On-Budget Outlays,563817362059.11,5090878918538.74,4390518515031.59
2024-08-31,Total Surplus (+) or Deficit (-),-380080405434.50,-1897078997941.78,-1524524798358.11
2024-08-31,On-Budget Surplus (+) or Deficit (-),-354117625039.79,-1853448350965.21,-1515534997300.23
2024-08-31,Off-Budget Surplus (+) or Deficit (-),-25962780394.71,-43630646976.57,-8989801057.88
2024-08-31,Off-Budget Outlays,122802780394.71,1197316013164.21,1105817339877.10
2024-08-31,Total On-Budget and Off-Budget Financing,380080405434.50,1897078997941.78,1524524798358.11
2024-08-31,Means of Financing:,null,null,null
2024-08-31,Borrowing from the Public,236307195679.83,1816101669252.04,1698737360484.87
2024-08-31,"Reduction of Operating Cash, Increase (-)",144488074536.58,-52623363833.16,94150619900.49
2024-08-31,By Other Means,-714864781.91,133600692522.90,-268363182051.55
2024-07-31,Total On-Budget and Off-Budget Results:,null,null,null
2024-07-31,Total Receipts,330377428300.09,4084576196741.85,3688680850393.32
2024-07-31,On-Budget Receipts,235959428300.09,3027730830554.21,2681689311574.10
2024-07-31,Off-Budget Receipts,94418000000.00,1056845366187.64,1006991538819.22
2024-07-31,Total Outlays,574118515597.52,5601574789249.13,5302461221445.16
2024-07-31,On-Budget Outlays,464572070607.15,4527061556479.63,4310103919028.35
2024-07-31,Off-Budget Outlays,109546444990.37,1074513232769.50,992357302416.81
2024-07-31,Total Surplus (+) or Deficit (-),-243741087297.43,-1516998592507.28,-1613780371051.84
2024-07-31,On-Budget Surplus (+) or Deficit (-),-228612642307.06,-1499330725925.42,-1628414607454.25
2024-07-31,Off-Budget Surplus (+) or Deficit (-),-15128444990.37,-17667866581.86,14634236402.41
2024-07-31,Total On-Budget and Off-Budget Financing,243741087297.43,1516998592507.28,1613780371051.84
2024-07-31,Means of Financing:,null,null,null
2024-07-31,Borrowing from the Public,319363505930.99,1579794473572.21,1370466250041.85
2024-07-31,"Reduction of Operating Cash, Increase (-)",-76202971252.02,-197111438369.74,134165068757.98
2024-07-31,By Other Means,580552618.46,134315557304.81,109149052227.71
2024-06-30,Total On-Budget and Off-Budget Results:,null,null,null
2024-06-30,Total Receipts,466254918407.16,3754198768441.76,3412519996249.47
2024-06-30,On-Budget Receipts,327043693184.98,2791771402254.12,2493417457430.25
2024-06-30,Off-Budget Receipts,139211225222.18,962427366187.64,919102538819.22
2024-06-30,Total Outlays,532220210883.50,5022456273651.61,4805518269947.71
2024-06-30,On-Budget Outlays,437036918490.20,4057489485872.48,3913720883201.93
2024-06-30,Off-Budget Outlays,95183292393.30,964966787779.13,891797386745.78
2024-06-30,Total Surplus (+) or Deficit (-),-65965292476.34,-1268257505209.85,-1392998273698.24
2024-06-30,On-Budget Surplus (+) or Deficit (-),-109993225305.22,-1265718083618.36,-1420303425771.68
2024-06-30,Off-Budget Surplus (+) or Deficit (-),44027932828.88,-2539421591.49,27305152073.44
2024-06-30,Total On-Budget and Off-Budget Financing,65965292476.34,1268257505209.85,1392998273698.24
2024-06-30,Means of Financing:,null,null,null
2024-06-30,Borrowing from the Public,10110044728.55,1260430967641.22,1126303445004.05
2024-06-30,"Reduction of Operating Cash, Increase (-)",-58871972765.50,-120908467117.72,233599175233.03
2024-06-30,By Other Means,114727220513.29,128735004686.35,33095653436.86
2024-05-31,Total On-Budget and Off-Budget Results:,null,null,null
2024-05-31,Total Receipts,323646986978.40,3287943850034.60,2994203093880.51
2024-05-31,On-Budget Receipts,223648986978.40,2464727709069.14,2219748497041.81
2024-05-31,Off-Budget Receipts,99998000000.00,823216140965.46,774454596838.70
2024-05-31,Total Outlays,670777880670.05,4490236062768.11,4159432955040.70
2024-05-31,On-Budget Outlays,551110800273.40,3620452567382.28,3355231798860.25
2024-05-31,Off-Budget Outlays,119667080396.65,869783495385.83,804201156180.45
2024-05-31,Total Surplus (+) or Deficit (-),-347130893691.65,-1202292212733.51,-1165229861160.19
2024-05-31,On-Budget Surplus (+) or Deficit (-),-327461813295.00,-1155724858313.14,-1135483301818.44
2024-05-31,Off-Budget Surplus (+) or Deficit (-),-19669080396.65,-46567354420.37,-29746559341.75
2024-05-31,Total On-Budget and Off-Budget Financing,347130893691.65,1202292212733.51,1165229861160.19
2024-05-31,Means of Financing:,null,null,null
2024-05-31,Borrowing from the Public,122096716126.99,1250320922912.67,302978908793.58
2024-05-31,"Reduction of Operating Cash, Increase (-)",243502633400.21,-62036494352.22,587481766120.96
2024-05-31,By Other Means,-18468455835.55,14007784173.06,274769186221.35
2024-04-30,Off-Budget Receipts,128881000000.00,723218140965.46,679846596838.70
2024-04-30,Total On-Budget and Off-Budget Results:,null,null,null
2024-04-30,Total Receipts,776198093176.94,2964296863056.20,2686716213530.10
2024-04-30,On-Budget Receipts,647317093176.94,2241078722090.74,2006869616691.40
2024-04-30,Total On-Budget and Off-Budget Financing,-209529306625.33,855161319041.86,924881621501.82
2024-04-30,Means of Financing:,null,null,null
2024-04-30,Borrowing from the Public,-34010860300.88,1128224206785.68,283894277181.97
2024-04-30,"Reduction of Operating Cash, Increase (-)",-187160370726.53,-305539127752.43,319612912856.53
2024-04-30,By Other Means,11641924402.08,32476240008.61,321374431439.02
2024-04-30,Total Outlays,566668786551.61,3819458182098.06,3611597835031.92
2024-04-30,On-Budget Outlays,461779056434.81,3069341767108.88,2924851466679.89
2024-04-30,Off-Budget Outlays,104889730116.80,750116414989.18,686746368352.03
2024-04-30,Total Surplus (+) or Deficit (-),209529306625.33,-855161319041.86,-924881621501.82
2024-04-30,On-Budget Surplus (+) or Deficit (-),185538036742.13,-828263045018.14,-917981849988.49
2024-04-30,Off-Budget Surplus (+) or Deficit (-),23991269883.20,-26898274023.72,-6899771513.33
2024-03-31,Off-Budget Receipts,107928843215.08,594337140965.46,559704596838.70
2024-03-31,Total On-Budget and Off-Budget Results:,null,null,null
2024-03-31,Total Receipts,332091009148.01,2188110964631.29,2048195852371.59
2024-03-31,On-Budget Receipts,224162165932.93,1593773823665.83,1488491255532.89
2024-03-31,Total Outlays,568547833098.21,3252702460973.46,3149258264222.53
2024-03-31,On-Budget Outlays,447016027184.13,2607475776101.08,2563248073274.76
2024-03-31,Off-Budget Outlays,121531805914.08,645226684872.38,586010190947.77
2024-03-31,Total Surplus (+) or Deficit (-),-236456823950.20,-1064591496342.17,-1101062411850.94
2024-03-31,On-Budget Surplus (+) or Deficit (-),-222853861251.20,-1013701952435.25,-1074756817741.87
2024-03-31,Off-Budget Surplus (+) or Deficit (-),-13602962699.00,-50889543906.92,-26305594109.07
2024-03-31,Total On-Budget and Off-Budget Financing,236456823950.20,1064591496342.17,1101062411850.94
2024-03-31,Means of Financing:,null,null,null
2024-03-31,Borrowing from the Public,134802716610.52,1162235067086.56,371681038719.71
2024-03-31,"Reduction of Operating Cash, Increase (-)",61831028836.83,-118378757025.90,458301046424.23
2024-03-31,By Other Means,39823078502.85,20735186281.51,271080326682.70
2024-02-29,Total On-Budget and Off-Budget Results:,null,null,null
2024-02-29,Total Receipts,271126068759.09,1856019955483.28,1734955487959.18
2024-02-29,On-Budget Receipts,173343068759.09,1369611657732.90,1278484284004.29
2024-02-29,Off-Budget Receipts,97783000000.00,486408297750.38,456471203954.89
2024-02-29,Total Outlays,567400716838.98,2684154624113.95,2457582884636.26
2024-02-29,On-Budget Outlays,448053901934.05,2160459745155.65,1983268521280.81
2024-02-29,Off-Budget Outlays,119346814904.93,523694878958.30,474314363355.45
2024-02-29,Total Surplus (+) or Deficit (-),-296274648079.89,-828134668630.67,-722627396677.08
2024-02-29,On-Budget Surplus (+) or Deficit (-),-274710833174.96,-790848087422.75,-704784237276.52
2024-02-29,Off-Budget Surplus (+) or Deficit (-),-21563814904.93,-37286581207.92,-17843159400.56
2024-02-29,Total On-Budget and Off-Budget Financing,296274648079.89,828134668630.67,722627396677.08
2024-02-29,Means of Financing:,null,null,null
2024-02-29,Borrowing from the Public,302365956698.39,1027432350476.04,290649779929.18
2024-02-29,"Reduction of Operating Cash, Increase (-)",28381926479.77,-180209785862.73,220988887299.25
2024-02-29,By Other Means,-34473235098.27,-19087895982.64,210988729432.70
2024-01-31,Total On-Budget and Off-Budget Results:,null,null,null
2024-01-31,Total Receipts,477319655457.16,1584893886724.19,1472841578463.30
2024-01-31,On-Budget Receipts,360320655457.16,1196268588973.81,1110264374508.41
2024-01-31,Off-Budget Receipts,116999000000.00,388625297750.38,362577203954.89
2024-01-31,Total Outlays,499250011788.18,2116753911036.27,1933035131946.15
2024-01-31,On-Budget Outlays,395230303450.23,1712405846982.90,1572008545326.53
2024-01-31,Off-Budget Outlays,104019708337.95,404348064053.37,361026586619.62
2024-01-31,Total Surplus (+) or Deficit (-),-21930356331.02,-531860024312.08,-460193553482.85
2024-01-31,On-Budget Surplus (+) or Deficit (-),-34909647993.07,-516137258009.09,-461744170818.12
2024-01-31,Off-Budget Surplus (+) or Deficit (-),12979291662.05,-15722766302.99,1550617335.27
2024-01-31,Total On-Budget and Off-Budget Financing,21930356331.02,531860024312.08,460193553482.85
2024-01-31,Means of Financing:,null,null,null
2024-01-31,Borrowing from the Public,137680964158.67,725066393777.65,269263987912.96
2024-01-31,"Reduction of Operating Cash, Increase (-)",-96890893934.06,-208591712342.50,68085356189.97
2024-01-31,By Other Means,-18859713893.59,15385342876.93,122844209363.97
2023-12-31,Total On-Budget and Off-Budget Results:,null,null,null
2023-12-31,Total Receipts,429310654566.08,1107574231267.03,1025553260501.01
2023-12-31,On-Budget Receipts,327107356815.70,835947933516.65,771235056546.12
2023-12-31,Off-Budget Receipts,102203297750.38,271626297750.38,254318203954.89
2023-12-31,Total Outlays,558676069485.87,1617515199603.64,1446963041844.64
2023-12-31,On-Budget Outlays,475070398953.43,1317186843888.22,1183051637355.43
2023-12-31,Off-Budget Outlays,83605670532.44,300328355715.42,263911404489.21
2023-12-31,Total Surplus (+) or Deficit (-),-129365414919.79,-509940968336.61,-421409781343.63
2023-12-31,On-Budget Surplus (+) or Deficit (-),-147963042137.73,-481238910371.57,-411816580809.31
2023-12-31,Off-Budget Surplus (+) or Deficit (-),18597627217.94,-28702057965.04,-9593200534.32
2023-12-31,Total On-Budget and Off-Budget Financing,129365414919.79,509940968336.61,421409781343.63
2023-12-31,Means of Financing:,null,null,null
2023-12-31,Borrowing from the Public,100277708335.70,587385429618.98,202054603716.66
2023-12-31,"Reduction of Operating Cash, Increase (-)",-9738793461.78,-111700818408.44,189308806048.33
2023-12-31,By Other Means,38826500045.87,34256357126.07,30046371565.39
2023-11-30,Total On-Budget and Off-Budget Results:,null,null,null
2023-11-30,Total Receipts,274830035781.15,678263576700.95,570610888841.49
2023-11-30,On-Budget Receipts,186993035781.15,508840576700.95,413099888841.49
2023-11-30,Off-Budget Receipts,87837000000.00,169423000000.00,157511000000.00
2023-11-30,Total Outlays,588842038068.24,1058839130117.77,907019933607.24
2023-11-30,On-Budget Outlays,475132397678.33,842116444934.79,715412475002.38
2023-11-30,Off-Budget Outlays,113709640389.91,216722685182.98,191607458604.86
2023-11-30,Total Surplus (+) or Deficit (-),-314012002287.09,-380575553416.82,-336409044765.75
2023-11-30,On-Budget Surplus (+) or Deficit (-),-288139361897.18,-333275868233.84,-302312586160.89
2023-11-30,Off-Budget Surplus (+) or Deficit (-),-25872640389.91,-47299685182.98,-34096458604.86
2023-11-30,Total On-Budget and Off-Budget Financing,314012002287.09,380575553416.82,336409044765.75
2023-11-30,Means of Financing:,null,null,null
2023-11-30,Borrowing from the Public,261060626073.60,487107721283.28,238239630154.81
2023-11-30,"Reduction of Operating Cash, Increase (-)",73560761367.06,-101962024946.66,103203005273.65
2023-11-30,By Other Means,-20609385153.57,-4570142919.80,-5033590667.46
2023-10-31,Total On-Budget and Off-Budget Results:,null,null,null
2023-10-31,Total Receipts,403433540919.80,403433540919.80,318500079859.09
2023-10-31,On-Budget Receipts,321847540919.80,321847540919.80,242627079859.09
2023-10-31,Off-Budget Receipts,81586000000.00,81586000000.00,75873000000.00
2023-10-31,Total Outlays,469997092049.53,469997092049.53,406374243972.26
2023-10-31,On-Budget Outlays,366984047256.46,366984047256.46,315869466657.34
2023-10-31,Off-Budget Outlays,103013044793.07,103013044793.07,90504777314.92
2023-10-31,Total Surplus (+) or Deficit (-),-66563551129.73,-66563551129.73,-87874164113.17
2023-10-31,On-Budget Surplus (+) or Deficit (-),-45136506336.66,-45136506336.66,-73242386798.25
2023-10-31,Off-Budget Surplus (+) or Deficit (-),-21427044793.07,-21427044793.07,-14631777314.92
2023-10-31,Total On-Budget and Off-Budget Financing,66563551129.73,66563551129.73,87874164113.17
2023-10-31,Means of Financing:,null,null,null
2023-10-31,Borrowing from the Public,226047095209.68,226047095209.68,43243670869.38
2023-10-31,"Reduction of Operating Cash, Increase (-)",-175522786313.72,-175522786313.72,39523860952.61
2023-10-31,By Other Means,16039242233.77,16039242233.77,5106632286.43
2023-09-30,Total On-Budget and Off-Budget Results:,null,null,null
2023-09-30,Total Receipts,467472683369.96,4439283739920.54,4896119174202.93
2023-09-30,On-Budget Receipts,370544901671.01,3245528419402.37,3830144257135.25
2023-09-30,Off-Budget Receipts,96927781698.95,1193755320518.17,1065974917067.68
2023-09-30,Total Outlays,638454884244.74,6134432040451.31,6271600204978.90
2023-09-30,On-Budget Outlays,523171798492.31,4913690313523.90,5190443262143.13
2023-09-30,Off-Budget Outlays,115283085752.43,1220741726927.41,1081156942835.77
2023-09-30,Total Surplus (+) or Deficit (-),-170982200874.78,-1695148300530.77,-1375481030775.97
2023-09-30,On-Budget Surplus (+) or Deficit (-),-152626896821.30,-1668161894121.53,-1360299005007.88
2023-09-30,Off-Budget Surplus (+) or Deficit (-),-18355304053.48,-26986406409.24,-15182025768.09
2023-09-30,Total On-Budget and Off-Budget Financing,170982200874.78,1695148300530.77,1375481030775.97
2023-09-30,Means of Financing:,null,null,null
2023-09-30,Borrowing from the Public,283931960708.82,1982669321193.69,1969815254676.49
2023-09-30,"Reduction of Operating Cash, Increase (-)",-115046438054.43,-20895818153.94,-420833754395.99
2023-09-30,By Other Means,2096678220.39,-266625202533.28,-173500240904.74
2023-08-31,Total On-Budget and Off-Budget Results:,null,null,null
2023-08-31,Total Receipts,283130206157.26,3971811056550.58,4408396155688.96
2023-08-31,On-Budget Receipts,193294206157.26,2874983517731.36,3435951881081.31
2023-08-31,Off-Budget Receipts,89836000000.00,1096827538819.22,972444274607.65
2023-08-31,Total Outlays,193874633463.53,5495977156206.57,5354111002297.13
2023-08-31,On-Budget Outlays,80414596003.24,4390518515031.59,4372958558980.50
2023-08-31,Off-Budget Outlays,113460037460.29,1105458641174.98,981152443316.63
2023-08-31,Total Surplus (+) or Deficit (-),89255572693.73,-1524166099655.99,-945714846608.17
2023-08-31,On-Budget Surplus (+) or Deficit (-),112879610154.02,-1515534997300.23,-937006677899.19
2023-08-31,Off-Budget Surplus (+) or Deficit (-),-23624037460.29,-8631102355.76,-8708168708.98
2023-08-31,Total On-Budget and Off-Budget Financing,-89255572693.73,1524166099655.99,945714846608.17
2023-08-31,Means of Financing:,null,null,null
2023-08-31,Borrowing from the Public,328271110443.02,1698737360484.87,1947504790238.34
2023-08-31,"Reduction of Operating Cash, Increase (-)",-40014448857.49,94150619900.49,-454751356840.09
2023-08-31,By Other Means,-377512234279.26,-268721880753.67,-547038353350.48
2023-07-31,Total On-Budget and Off-Budget Results:,null,null,null
2023-07-31,Total Receipts,276160854143.85,3688680850393.32,4104674652430.26
2023-07-31,On-Budget Receipts,188271854143.85,2681689311574.10,3218408377822.61
2023-07-31,Off-Budget Receipts,87889000000.00,1006991538819.22,886266274607.65
2023-07-31,Total Outlays,496942951497.45,5302102522743.04,4830793258088.79
2023-07-31,On-Budget Outlays,396383035826.42,4310103919028.35,3950916779304.34
2023-07-31,Off-Budget Outlays,100559915671.03,991998603714.69,879876478784.45
2023-07-31,Total Surplus (+) or Deficit (-),-220782097353.60,-1613421672349.72,-726118605658.53
2023-07-31,On-Budget Surplus (+) or Deficit (-),-208111181682.57,-1628414607454.25,-732508401481.73
2023-07-31,Off-Budget Surplus (+) or Deficit (-),-12670915671.03,14992935104.53,6389795823.20
2023-07-31,Total On-Budget and Off-Budget Financing,220782097353.60,1613421672349.72,726118605658.53
2023-07-31,Means of Financing:,null,null,null
2023-07-31,Borrowing from the Public,244162805037.80,1370466250041.85,1639223654355.54
2023-07-31,"Reduction of Operating Cash, Increase (-)",-99434106475.05,134165068757.98,-404113090345.39
2023-07-31,By Other Means,76053398790.85,108790353525.59,-508991724889.37
2023-06-30,Total On-Budget and Off-Budget Results:,null,null,null
2023-06-30,Total Receipts,418316902368.96,3412519996249.47,3835343695393.76
2023-06-30,On-Budget Receipts,273668960388.44,2493417457430.25,3029091420786.11
2023-06-30,Off-Budget Receipts,144647941980.52,919102538819.22,806252274607.65
2023-06-30,Total Outlays,646085314907.01,4805159571245.59,4350410765833.82
2023-06-30,On-Budget Outlays,558489084341.68,3913720883201.93,3559893129660.38
2023-06-30,Off-Budget Outlays,87596230565.33,891438688043.66,790517636173.44
2023-06-30,Total Surplus (+) or Deficit (-),-227768412538.05,-1392639574996.12,-515067070440.06
2023-06-30,On-Budget Surplus (+) or Deficit (-),-284820123953.24,-1420303425771.68,-530801708874.27
2023-06-30,Off-Budget Surplus (+) or Deficit (-),57051711415.19,27663850775.56,15734638434.21
2023-06-30,Total On-Budget and Off-Budget Financing,227768412538.05,1392639574996.12,515067070440.06
2023-06-30,Means of Financing:,null,null,null
2023-06-30,Borrowing from the Public,823324536210.47,1126303445004.05,1602516866649.65
2023-06-30,"Reduction of Operating Cash, Increase (-)",-353882590887.93,233599175233.03,-567245776510.34
2023-06-30,By Other Means,-241673532784.49,32736954734.74,-520204011065.44
2023-05-31,Total On-Budget and Off-Budget Results:,null,null,null
2023-05-31,Total Receipts,307486880350.41,2994203093880.51,3374586984774.13
2023-05-31,On-Budget Receipts,212878880350.41,2219748497041.81,2674647775868.67
2023-05-31,Off-Budget Receipts,94608000000.00,774454596838.70,699939208905.46
2023-05-31,Total Outlays,547835120008.78,4159074256338.58,3800812541997.27
2023-05-31,On-Budget Outlays,430380332180.36,3355231798860.25,3083985030994.77
2023-05-31,Off-Budget Outlays,117454787828.42,803842457478.33,716827511002.50
2023-05-31,Total Surplus (+) or Deficit (-),-240348239658.37,-1164871162458.07,-426225557223.14
2023-05-31,On-Budget Surplus (+) or Deficit (-),-217501451829.95,-1135483301818.44,-409337255126.10
2023-05-31,Off-Budget Surplus (+) or Deficit (-),-22846787828.42,-29387860639.63,-16888302097.04
2023-05-31,Total On-Budget and Off-Budget Financing,240348239658.37,1164871162458.07,426225557223.14
2023-05-31,Means of Financing:,null,null,null
2023-05-31,Borrowing from the Public,19084631611.61,302978908793.58,1599253858575.70
2023-05-31,"Reduction of Operating Cash, Increase (-)",267868853264.43,587481766120.96,-639080381896.82
2023-05-31,By Other Means,-46605245217.67,274410487519.23,-533947910814.73
2023-04-30,Total On-Budget and Off-Budget Results:,null,null,null
2023-04-30,Total Receipts,638520361158.51,2686716213530.10,2985598525185.89
2023-04-30,On-Budget Receipts,518378361158.51,2006869616691.40,2370941316280.43
2023-04-30,Off-Budget Receipts,120142000000.00,679846596838.70,614657208905.46
2023-04-30,Total Outlays,462339570809.39,3611239136329.80,3345601568727.45
2023-04-30,On-Budget Outlays,361603393405.13,2924851466679.89,2730090548081.18
2023-04-30,Off-Budget Outlays,100736177404.26,686387669649.91,615511020646.27
2023-04-30,Total Surplus (+) or Deficit (-),176180790349.12,-924522922799.70,-360003043541.56
2023-04-30,On-Budget Surplus (+) or Deficit (-),156774967753.38,-917981849988.49,-359149231800.75
2023-04-30,Off-Budget Surplus (+) or Deficit (-),19405822595.74,-6541072811.21,-853811740.81
2023-04-30,Total On-Budget and Off-Budget Financing,-176180790349.12,924522922799.70,360003043541.56
2023-04-30,Means of Financing:,null,null,null
2023-04-30,Borrowing from the Public,-87786761537.74,283894277181.97,1549074338863.72
2023-04-30,"Reduction of Operating Cash, Increase (-)",-138688133567.70,319612912856.53,-708080453886.45
2023-04-30,By Other Means,50294104756.32,321015732736.90,-480990832792.65
